"Arm1","Arm2","Arm3","Arm4","Arm5","Arm6"
4,0,0,0,0,0
0,0,70,0,0,0
0,0,75,0,0,3
91,76,96,0,0,83
0,0,8,6,0,18
0,14,64,0,0,0
0,0,34,0,0,0
0,0,0,0,0,77
0,0,74,0,0,79
66,84,76,87,4,12
0,0,27,80,0,0
0,0,0,52,63,0
64,81,23,0,21,2
84,41,43,90,4,0
42,0,78,0,85,90
0,63,55,74,0,0
0,0,98,0,86,0
0,69,0,60,67,0
7,65,0,0,36,0
0,27,41,56,0,0
0,33,47,0,0,0
0,42,45,45,0,100
0,10,0,0,0,0
53,0,0,0,0,37
72,0,57,0,0,0
0,0,27,33,0,0
8,0,38,0,30,0
66,0,66,10,26,0
19,0,26,61,35,0
0,37,50,99,16,0
78,0,35,0,44,81
35,0,56,0,81,0
0,47,73,0,3,20
0,0,3,0,79,47
16,0,72,3,3,0
0,7,92,15,90,0
41,63,9,69,11,0
0,58,63,13,70,0
0,0,99,23,0,0
48,42,0,0,0,8
0,25,56,30,12,0
0,24,76,0,0,0
0,69,32,52,0,76
0,0,0,58,18,0
0,24,50,27,0,29
99,89,70,0,0,0
46,0,25,26,35,0
0,0,13,10,0,0
57,0,72,72,42,0
0,0,34,0,15,0
0,55,0,0,15,0
0,0,0,61,100,0
76,0,0,95,0,0
0,0,0,0,43,19
72,3,4,0,0,0
0,51,51,0,55,65
0,0,0,0,53,0
6,0,99,0,0,0
0,51,91,76,0,0
94,0,43,94,44,0
40,91,0,34,0,0
0,30,81,0,0,0
28,76,2,0,38,0
0,5,65,0,62,0
67,8,0,0,56,0
91,31,0,0,54,0
0,94,0,0,0,0
99,43,69,0,0,0
0,55,48,0,12,0
0,0,47,0,7,0
0,0,0,0,51,0
0,0,56,48,90,15
12,0,0,0,46,0
0,0,40,0,39,0
26,0,31,56,0,0
0,0,83,0,90,0
0,1,0,0,0,0
0,0,0,0,0,0
73,9,0,0,0,0
0,69,56,42,0,89
5,0,20,13,0,10
21,0,0,0,0,11
0,0,26,0,0,87
0,34,94,0,52,0
24,97,0,34,0,0
7,0,88,0,0,0
11,0,34,0,0,0
25,0,0,0,0,0
0,62,1,0,0,83
28,9,97,0,0,54
0,20,0,43,58,0
69,7,52,34,0,0
0,0,0,32,6,0
23,0,82,0,80,0
61,0,84,42,15,0
17,4,0,0,0,33
0,0,14,0,0,3
0,0,10,0,0,0
34,0,28,0,0,0
54,0,90,47,0,38
0,42,0,0,0,0
0,0,45,0,0,11
0,0,45,58,74,54
0,36,41,13,10,34
65,56,0,0,58,0
0,0,0,14,70,0
0,42,0,48,55,0
0,67,7,0,19,0
3,36,69,94,99,0
0,53,0,77,0,0
39,0,2,82,24,15
53,0,0,0,40,0
58,0,0,0,87,0
86,9,18,40,19,0
0,66,94,84,0,0
0,0,93,0,0,0
0,0,32,21,0,0
0,0,85,18,34,0
37,0,60,64,0,15
96,0,0,92,0,0
0,0,17,0,0,0
37,0,86,0,0,0
0,29,83,0,32,0
0,0,64,0,22,0
0,46,0,0,77,100
90,0,8,24,60,0
60,51,0,40,0,0
0,49,0,0,15,0
27,0,75,24,42,0
0,80,0,30,51,0
41,65,84,0,17,0
41,0,2,0,17,0
0,5,34,0,28,0
26,83,0,0,0,0
0,57,83,0,0,0
51,14,80,40,0,44
96,28,0,0,0,0
0,11,0,0,0,0
94,0,0,0,0,0
0,0,84,0,54,0
0,0,100,0,7,0
0,0,32,0,0,0
40,0,94,0,8,56
0,0,72,0,0,0
66,0,63,0,14,46
17,0,0,0,16,0
0,66,4,0,49,0
0,0,21,0,90,52
0,0,36,83,2,13
0,95,73,0,70,0
28,56,14,100,87,0
0,91,0,0,64,0
0,50,0,0,0,0
27,19,75,0,0,0
89,30,4,0,0,0
78,92,91,79,100,40
8,71,67,25,0,0
0,81,90,0,0,0
74,87,56,0,8,0
0,92,81,0,19,0
0,30,61,0,0,0
0,0,97,0,0,19
39,0,78,46,14,65
8,0,57,69,0,0
52,0,75,0,61,0
0,0,74,80,0,0
7,58,0,0,100,0
19,90,35,0,53,18
0,79,27,0,88,0
0,0,0,0,23,0
0,0,28,0,74,93
0,33,0,0,0,0
59,0,85,0,0,0
0,25,95,0,0,0
0,0,0,0,0,0
0,0,34,0,0,69
0,32,51,15,0,0
0,0,17,0,0,0
71,51,0,0,0,0
0,57,17,0,0,0
0,10,0,28,35,0
0,58,10,0,71,0
42,59,2,0,48,0
46,1,50,0,44,0
0,0,0,0,0,42
0,0,0,0,56,0
33,61,0,0,67,0
0,0,14,77,21,0
33,0,0,0,27,0
40,0,31,0,30,0
0,20,4,0,0,0
84,0,0,75,52,0
0,0,94,98,0,0
14,0,31,0,0,0
0,0,48,0,0,0
0,0,36,98,70,59
43,45,16,0,0,15
0,82,50,7,0,0
0,59,0,92,0,0
0,0,72,29,75,0
66,45,76,43,44,79
0,45,34,0,0,73
11,84,0,78,91,0
5,0,0,93,98,87
27,89,0,72,7,64
0,12,0,48,13,0
0,44,0,58,54,0
0,0,81,0,35,0
0,0,0,30,86,0
0,0,48,0,0,0
0,0,7,75,0,32
30,0,34,6,52,0
0,31,0,34,0,0
0,0,22,0,0,66
0,0,46,76,0,0
0,0,96,0,0,0
79,0,0,27,94,0
61,0,36,0,0,0
0,46,35,0,64,0
28,0,3,0,27,28
0,60,70,20,0,0
24,36,0,9,33,77
46,87,24,81,0,78
46,92,56,0,83,0
2,94,0,47,4,0
0,80,35,0,0,52
0,75,0,43,22,0
7,74,86,65,12,0
0,53,68,0,0,0
0,38,45,0,0,68
0,0,87,23,0,99
96,0,64,51,0,0
35,0,64,0,0,0
16,17,97,0,0,0
46,0,26,0,0,0
0,0,14,85,0,0
0,0,0,0,98,0
3,0,0,0,0,0
93,88,69,81,87,25
0,0,57,79,0,0
0,0,26,14,0,100
9,0,0,13,37,0
0,63,25,0,9,0
0,89,0,0,12,0
0,80,32,0,2,52
41,27,6,0,0,0
6,0,36,0,13,0
0,17,31,16,0,6
0,88,0,0,0,16
86,0,7,0,0,0
0,80,83,0,0,0
60,52,89,70,59,0
69,84,83,72,0,45
0,0,0,45,0,0
0,0,66,17,0,0
0,0,89,0,64,61
0,0,69,98,69,0
0,0,62,96,0,0
0,9,30,0,84,28
0,0,60,0,25,0
79,0,53,0,56,0
0,0,44,0,32,0
0,0,9,0,95,0
0,0,28,0,9,0
0,35,17,0,64,0
48,0,92,0,15,0
60,0,81,0,0,0
0,56,88,87,0,91
0,99,13,0,0,0
0,67,0,0,0,0
0,47,79,62,0,0
33,76,0,30,0,42
0,0,3,14,28,0
46,38,42,26,92,0
27,44,0,93,22,0
76,43,13,0,85,0
0,0,43,30,4,0
0,0,0,0,90,0
0,0,8,0,80,0
0,86,4,57,0,0
0,0,0,59,2,0
86,34,93,82,22,0
4,73,98,0,76,0
37,0,0,10,32,0
0,87,56,0,77,0
0,0,41,0,0,0
61,99,0,93,0,0
0,0,0,19,0,0
0,0,65,85,94,71
10,0,87,0,0,0
84,0,61,44,0,52
0,0,36,0,18,0
0,52,54,0,0,36
0,28,0,0,0,20
0,15,0,79,0,79
0,37,0,0,24,19
39,6,69,97,89,0
0,91,15,66,16,68
0,73,45,37,66,0
0,0,99,61,64,0
0,0,35,0,56,0
17,0,24,30,26,0
0,0,99,0,69,0
75,0,0,93,73,0
8,88,78,99,0,0
0,0,49,0,0,100
0,0,47,0,0,0
81,0,41,61,0,0
4,0,62,0,0,0
0,0,17,0,0,85
36,0,6,100,0,0
87,35,84,88,0,0
0,0,70,0,0,0
0,0,0,0,0,0
0,60,57,98,0,0
85,1,22,0,53,0
47,69,14,0,0,0
100,7,58,89,89,0
0,64,89,93,54,0
0,35,35,37,91,0
0,74,41,0,0,0
0,18,44,0,49,31
0,0,0,0,70,83
24,0,39,0,0,97
0,0,6,0,0,28
0,0,10,0,0,0
0,0,73,0,78,0
98,0,42,0,73,52
86,0,8,0,0,0
0,0,48,74,28,0
20,0,20,68,0,4
37,86,65,0,0,0
11,0,25,47,26,0
76,0,0,25,92,0
0,23,44,0,52,0
0,63,0,43,0,0
62,58,27,65,0,0
3,0,84,0,0,0
0,0,0,27,0,0
0,35,0,0,85,0
0,0,91,0,3,0
100,51,85,74,34,0
0,52,44,16,0,100
0,0,65,2,0,70
32,83,22,0,0,0
51,0,70,33,0,0
0,0,0,73,0,0
0,0,66,0,53,0
85,0,5,0,0,0
15,69,95,0,47,0
0,0,10,33,42,0
65,0,0,0,0,0
0,0,0,69,93,0
34,0,21,0,0,0
0,0,32,2,0,0
28,89,86,0,0,0
0,73,86,0,18,0
0,62,95,90,69,58
0,44,0,0,22,0
0,44,46,69,33,0
53,71,74,0,2,13
0,55,48,0,0,0
0,0,2,0,0,0
21,0,52,0,0,87
73,62,100,0,0,44
11,14,0,0,45,0
19,29,73,37,0,0
0,20,7,91,0,0
97,0,90,0,0,0
0,0,0,0,0,40
0,0,76,0,0,0
0,0,0,0,0,0
0,0,82,0,0,0
0,0,70,93,0,0
78,0,0,0,18,0
66,0,0,23,0,0
64,0,90,0,47,0
0,0,60,28,0,65
0,0,0,36,87,0
0,11,64,43,0,0
0,0,0,0,0,1
0,22,0,0,0,0
0,82,22,95,0,0
25,0,64,0,22,13
90,0,0,95,0,0
93,16,93,19,0,0
0,37,45,0,0,10
9,75,56,46,0,0
0,87,60,0,82,46
0,77,0,37,32,0
38,64,87,0,10,0
7,0,31,48,74,0
28,0,26,81,0,0
0,0,48,0,89,4
27,61,0,0,0,0
0,0,44,56,95,0
85,0,0,13,0,73
20,0,8,0,33,0
0,0,49,0,41,0
0,75,0,0,0,0
0,0,28,23,0,16
60,0,0,0,0,0
0,23,0,47,91,81
24,64,9,70,0,55
57,16,38,86,0,0
0,25,64,0,0,0
0,12,68,3,0,0
0,78,44,0,0,0
89,0,60,0,0,0
0,12,32,25,49,0
0,73,49,98,80,49
0,26,0,0,0,0
0,51,13,0,0,0
0,83,0,6,77,0
0,0,100,0,78,0
0,0,50,89,6,0
0,0,0,0,43,0
7,0,18,72,71,0
0,0,80,98,0,0
0,0,0,0,0,96
0,0,0,0,0,0
37,0,66,43,0,97
0,0,13,0,0,3
0,0,18,0,0,0
38,0,88,0,0,0
0,0,51,0,90,0
0,57,0,0,0,0
50,25,0,0,68,0
0,31,12,0,55,0
0,0,30,0,74,100
0,79,71,0,17,0
40,10,12,0,91,0
0,0,10,0,28,0
0,75,12,0,20,0
0,21,46,0,28,0
0,38,0,4,27,0
7,8,46,0,76,0
0,0,0,0,0,0
0,0,61,0,0,0
0,0,0,47,0,54
31,87,15,0,0,0
0,0,11,0,0,0
0,0,7,56,0,58
0,0,0,46,0,0
0,0,7,0,0,0
0,0,52,29,0,70
0,0,31,56,86,0
37,0,62,0,0,0
0,22,52,0,36,0
64,27,94,0,25,0
0,64,76,0,24,56
0,47,57,8,80,0
0,0,38,37,30,98
0,10,85,0,19,0
81,77,0,0,66,0
0,95,0,0,76,53
0,70,0,0,0,0
0,66,40,0,0,0
0,96,65,0,0,0
0,1,90,66,0,0
86,0,46,0,0,0
17,0,42,56,0,0
0,0,0,59,0,0
0,0,78,54,0,0
24,0,76,44,28,0
84,0,68,89,0,31
59,0,62,0,67,0
0,31,0,0,58,0
0,0,43,44,88,21
14,0,75,0,0,0
86,87,42,0,34,0
90,0,0,0,28,91
88,0,18,0,50,0
0,73,62,0,67,23
45,0,14,36,82,0
73,5,36,0,0,15
0,0,99,0,0,0
0,19,47,49,0,0
0,84,97,0,0,0
11,0,0,0,98,0
0,55,55,0,0,0
33,8,0,80,11,75
0,34,0,0,0,0
63,0,0,0,0,8
7,0,99,0,51,0
84,0,0,0,0,0
0,0,6,0,44,0
0,0,24,8,0,11
0,0,0,51,82,0
34,64,79,69,70,0
0,0,20,62,22,0
0,17,34,0,0,56
0,0,34,0,69,0
57,0,0,0,58,0
83,0,27,0,0,0
0,0,86,0,10,0
0,0,0,38,0,0
0,35,43,33,0,11
58,59,3,75,0,0
16,91,92,86,59,0
64,8,11,0,0,0
53,89,0,75,0,0
0,63,0,3,0,0
0,78,0,0,0,29
38,33,0,60,0,0
0,44,1,0,94,0
0,0,83,0,85,0
0,0,86,14,82,0
23,0,37,0,0,0
0,0,11,31,87,0
82,0,72,0,71,0
0,0,0,0,29,0
0,0,0,0,33,0
0,53,0,0,0,0
0,23,0,0,0,0
0,0,2,26,0,97
0,0,0,74,0,18
12,0,0,0,0,0
0,8,19,68,0,0
0,0,48,0,0,0
74,0,0,0,0,25
54,70,84,0,26,0
0,8,50,10,96,100
75,0,4,78,92,0
27,76,36,65,25,0
0,38,0,0,0,93
33,79,49,0,96,0
0,63,0,0,94,0
22,76,22,25,74,0
0,0,55,0,75,0
0,0,0,0,34,0
0,0,33,98,64,0
32,0,0,0,0,0
0,45,69,0,0,0
0,0,14,15,0,0
78,71,36,0,0,0
0,0,36,0,59,0
0,25,100,48,0,0
0,50,0,0,0,0
0,77,22,31,13,0
65,0,30,10,0,60
0,0,20,0,59,96
0,0,0,40,58,0
59,0,0,0,62,0
72,57,0,76,57,0
0,0,98,97,83,0
0,46,99,0,0,0
0,40,54,99,19,0
0,34,17,0,21,36
0,93,29,10,6,0
87,49,68,75,11,0
0,41,99,93,0,0
0,0,23,0,0,0
1,0,38,0,66,89
0,0,51,0,0,0
24,0,0,0,0,0
0,0,0,100,0,0
8,0,25,0,0,0
0,89,14,0,0,0
0,0,0,96,0,0
0,74,86,26,66,0
32,0,91,3,90,0
0,0,27,0,64,0
0,60,40,0,30,0
0,45,0,51,87,0
0,24,0,0,80,0
35,0,70,0,50,0
41,61,0,0,58,0
0,79,13,0,41,0
62,81,0,0,52,0
17,32,0,0,0,0
66,8,0,25,0,0
0,7,97,0,0,0
0,12,0,0,0,0
81,21,0,0,10,0
0,0,0,0,0,0
0,0,97,0,45,0
61,3,37,0,0,0
75,0,61,22,87,94
0,66,0,63,0,0
50,0,26,0,0,0
0,0,95,0,65,0
0,0,35,45,49,0
0,65,0,30,0,0
0,76,0,3,89,0
0,62,0,47,24,0
0,21,35,3,92,0
67,82,0,0,54,0
91,0,0,51,92,0
0,81,0,0,0,0
38,8,94,0,0,0
0,34,0,0,0,0
0,50,0,0,0,0
0,36,80,100,0,0
11,71,0,41,0,0
0,0,0,0,0,0
0,37,65,37,0,0
0,56,49,51,77,0
0,0,0,2,57,0
31,0,38,0,48,0
0,0,39,0,77,0
0,0,39,81,0,0
0,0,75,28,47,0
76,0,53,0,93,0
0,0,9,0,0,0
0,55,0,0,35,0
0,0,49,75,71,0
85,0,32,0,0,0
0,0,0,0,0,0
94,8,0,0,0,0
0,54,9,0,0,74
6,0,14,49,0,0
0,0,76,0,0,0
0,2,14,0,72,0
0,6,26,96,0,0
80,65,3,92,0,39
40,80,86,13,99,0
0,40,65,0,0,47
0,54,3,0,0,49
49,64,0,35,0,46
0,88,51,0,32,0
0,0,63,0,14,89
0,0,0,0,87,0
72,0,74,0,62,0
21,0,0,0,41,0
0,4,76,0,5,0
0,0,0,0,100,0
21,39,0,0,0,0
0,70,46,0,0,39
27,50,55,0,0,0
35,55,0,0,0,0
54,43,0,0,0,0
99,55,68,0,0,0
0,87,90,0,0,0
0,0,0,0,70,0
8,8,34,0,0,0
0,86,11,0,77,0
0,21,0,0,0,0
0,31,40,82,0,0
50,27,0,73,10,0
20,74,0,0,0,0
36,75,19,34,22,87
0,4,98,88,0,0
0,87,58,0,38,0
0,0,0,83,76,0
94,0,98,6,8,29
13,0,0,0,0,0
72,0,0,0,0,0
16,0,19,82,0,0
0,0,26,0,0,34
0,0,12,84,62,0
0,0,62,0,0,0
94,0,68,0,0,0
0,0,55,34,98,35
0,88,85,49,13,0
49,57,43,45,68,0
66,0,94,37,0,0
73,0,23,63,0,0
68,0,98,0,90,0
52,10,51,0,16,0
21,20,48,0,16,97
73,76,42,29,72,60
0,4,98,68,47,0
0,83,24,9,13,0
36,41,0,97,62,0
22,0,0,25,0,0
0,6,0,0,0,0
0,0,21,0,0,0
29,0,37,76,0,0
0,0,0,34,0,0
100,27,0,0,0,0
0,0,44,0,0,0
2,0,46,0,0,0
0,0,47,69,20,0
0,86,0,0,0,0
28,0,38,45,0,0
0,11,62,81,30,43
0,0,0,94,0,8
0,0,15,51,0,1
0,87,4,0,29,0
98,20,45,0,12,0
0,75,34,0,21,0
79,0,0,0,81,0
0,69,0,0,75,0
0,62,0,32,0,0
0,42,83,79,0,0
26,0,62,0,0,0
0,54,12,0,0,53
0,63,41,0,4,0
64,97,49,69,0,0
19,0,68,35,8,0
33,0,98,0,96,0
0,0,99,0,66,0
0,0,10,0,72,0
6,0,91,0,0,0
0,0,0,46,0,0
0,0,13,44,0,0
20,0,89,0,0,0
0,0,73,85,0,0
0,97,6,0,95,0
0,48,48,0,98,0
100,0,0,48,71,0
0,66,88,34,49,0
12,0,0,0,0,0
17,0,48,59,0,0
0,12,8,0,0,0
0,0,33,92,0,0
0,65,0,13,19,0
0,2,84,76,0,41
0,64,41,0,86,4
0,33,87,0,0,0
0,33,50,0,0,0
0,0,10,0,0,0
0,0,0,0,0,0
38,0,0,70,0,0
30,0,89,0,57,0
0,0,20,61,57,0
64,0,79,0,71,36
15,0,54,82,8,0
0,0,62,36,37,0
0,12,57,0,87,0
16,0,0,0,59,0
59,46,31,47,0,88
0,44,21,0,0,0
89,99,12,0,0,0
58,0,80,0,0,0
0,98,5,34,0,0
0,61,36,65,0,0
0,75,14,41,0,45
67,100,61,51,89,0
0,38,27,0,18,0
83,0,0,21,53,0
0,86,92,0,0,35
0,79,35,62,0,0
0,69,15,84,0,0
0,92,22,31,93,0
0,0,19,53,87,0
0,0,0,22,59,0
0,0,62,0,83,0
0,0,0,2,52,3
0,26,52,84,59,79
0,0,0,36,0,0
0,0,73,58,0,0
13,1,97,0,0,0
0,0,43,19,0,0
0,0,93,32,0,0
0,17,88,72,0,0
16,20,0,54,0,0
72,18,10,0,0,12
0,7,56,0,43,0
0,38,0,36,0,0
0,10,48,0,0,0
0,18,33,75,30,0
96,0,33,88,25,0
42,62,33,0,79,0
45,80,78,0,0,0
0,34,58,0,0,0
0,44,77,0,99,0
0,68,48,0,61,0
0,0,98,0,2,0
0,0,30,63,0,0
0,0,0,0,0,0
87,0,0,0,65,0
0,0,2,8,0,0
0,0,97,0,0,0
0,95,26,0,54,0
49,0,12,0,0,0
0,0,13,0,92,0
0,66,0,0,0,0
0,82,0,26,93,0
73,24,83,0,0,64
18,78,23,0,39,0
0,11,0,0,86,0
2,40,48,0,0,0
2,0,41,52,61,0
0,4,0,53,50,0
0,0,0,29,75,68
0,92,88,59,0,0
0,0,39,0,13,0
25,9,0,0,0,0
30,0,35,0,33,0
0,80,0,0,0,0
0,0,93,0,0,0
0,0,0,0,0,37
43,0,0,0,0,84
0,0,53,16,0,0
35,0,46,0,89,0
0,0,78,0,32,6
0,68,11,0,33,0
16,0,0,16,0,0
42,0,0,55,0,0
42,0,0,0,0,0
0,0,0,84,94,0
0,95,0,90,0,0
0,50,0,62,47,0
78,90,43,76,27,0
71,66,21,0,66,0
52,15,0,0,11,0
0,94,83,0,0,0
0,79,42,0,0,0
49,23,98,0,0,0
0,74,89,0,0,0
0,76,100,98,0,0
0,68,57,30,14,0
0,55,92,0,0,0
0,0,0,64,0,0
51,0,10,0,0,0
13,0,37,86,14,23
10,0,99,12,23,74
63,0,0,0,78,0
0,21,0,0,83,0
0,0,42,0,0,0
52,81,0,0,41,0
85,0,47,0,54,0
0,88,79,0,0,0
0,0,0,34,50,0
0,0,54,55,6,0
0,72,31,0,0,0
0,78,86,0,0,48
8,93,25,44,0,0
0,87,27,0,0,0
0,94,43,55,67,0
63,0,21,0,0,0
0,4,100,0,93,0
0,23,40,0,0,0
0,92,15,0,0,0
0,68,0,55,0,0
49,80,24,16,0,0
25,0,0,0,51,0
0,0,49,58,99,0
0,0,23,0,0,0
37,0,0,0,61,0
0,0,0,0,82,0
98,0,54,0,23,0
0,0,49,0,70,0
0,0,24,0,0,0
20,0,0,0,0,0
23,59,0,2,0,0
0,12,2,0,84,0
23,0,48,0,0,0
19,0,85,0,0,0
0,0,0,60,0,0
0,0,0,0,0,0
95,41,0,98,84,0
0,39,5,0,14,0
57,80,0,0,89,0
0,52,0,0,95,0
63,14,51,0,88,89
0,0,0,4,91,0
4,48,4,96,97,0
0,21,72,79,54,0
57,0,66,0,65,0
0,0,0,85,80,0
0,0,0,0,19,0
0,54,91,0,52,0
12,0,12,84,0,0
36,0,98,0,0,0
0,0,14,0,0,0
24,0,29,72,0,0
0,0,94,0,91,0
0,53,68,0,0,0
0,0,0,62,0,0
64,0,98,0,0,66
0,63,17,87,68,0
0,71,54,23,0,0
0,85,53,0,0,0
0,0,4,0,46,0
0,0,74,0,42,0
0,0,0,45,0,65
0,0,83,99,20,0
15,0,40,62,0,0
76,31,0,0,47,0
0,64,0,86,68,0
86,44,0,56,93,0
0,0,70,0,0,0
0,0,15,21,0,0
96,0,0,0,0,0
0,36,71,58,0,0
93,80,79,23,0,87
0,20,1,31,95,0
47,0,0,15,85,0
66,0,0,0,29,0
0,65,4,87,24,0
0,10,43,52,49,0
0,54,31,60,100,0
0,32,55,7,57,0
0,47,0,65,47,0
0,0,41,0,0,0
0,0,59,0,75,43
33,93,0,14,87,0
33,85,0,0,0,0
26,30,10,0,88,0
70,14,40,0,33,0
0,0,95,0,0,0
0,6,0,28,0,0
0,43,22,70,0,53
0,2,0,0,0,0
97,0,1,0,0,0
0,0,12,28,0,0
39,0,48,0,87,0
0,0,0,0,31,0
0,0,9,0,0,0
0,36,39,70,0,0
81,0,0,63,0,0
0,0,0,0,38,31
57,93,0,71,0,0
0,0,21,36,0,0
0,0,83,0,0,34
83,93,1,92,9,0
87,0,0,40,0,0
58,42,64,0,66,0
61,0,0,0,36,0
54,0,30,0,0,0
0,42,0,56,0,0
94,86,54,0,0,0
0,82,96,0,0,0
40,74,73,0,80,0
0,0,62,25,0,0
0,55,84,0,0,0
28,13,0,0,0,0
0,0,51,0,0,0
0,0,2,97,0,0
15,64,83,60,0,0
33,0,71,0,87,0
98,0,84,18,72,0
0,0,0,83,26,0
0,0,95,0,10,0
0,0,40,0,74,0
62,83,65,85,76,0
0,5,79,64,17,38
0,81,59,0,15,0
0,50,6,13,0,0
18,39,57,0,0,0
0,0,81,0,0,0
0,75,4,82,4,0
0,0,0,0,0,0
62,0,13,13,0,0
38,0,0,34,60,0
0,50,26,75,56,0
0,46,0,0,0,0
0,70,11,0,32,0
0,29,93,0,0,0
95,8,0,39,57,0
0,0,33,95,21,7
0,0,57,4,35,0
62,0,0,37,35,0
0,22,8,98,63,0
0,91,0,35,11,0
0,0,17,0,67,0
98,0,0,0,16,0
0,0,0,50,0,0
0,0,0,5,0,0
0,0,0,22,0,0
0,0,100,0,0,0
0,0,93,0,0,0
84,0,82,0,0,0
0,0,3,41,46,0
0,0,97,33,44,0
0,53,46,51,8,0
43,0,48,0,53,0
0,0,61,0,0,0
39,42,44,0,10,0
78,18,0,14,0,0
14,42,0,50,20,0
36,70,40,0,99,0
3,8,49,0,68,8
0,0,37,0,66,0
80,50,53,93,76,0
0,0,0,0,66,0
0,0,87,0,0,73
0,0,17,0,0,0
0,0,60,0,0,0
49,0,0,51,0,0
69,0,9,21,63,0
0,0,7,0,0,0
0,0,0,0,0,0
0,43,21,0,0,73
0,0,30,0,8,0
0,0,7,4,0,0
0,0,0,0,0,0
0,88,19,89,0,0
82,0,93,63,4,0
0,89,0,0,0,22
85,90,54,35,35,0
23,57,0,0,48,0
0,97,29,20,51,0
0,0,98,0,94,0
0,39,15,0,10,0
0,68,75,52,0,100
0,0,1,98,0,0
0,0,0,54,0,0
0,0,0,0,74,0
0,0,0,0,0,0
0,0,52,0,0,0
0,0,17,0,0,0
0,0,0,1,0,0
0,94,55,13,0,0
0,0,0,0,71,0
0,0,59,0,57,0
0,0,0,70,39,0
24,69,0,0,55,0
0,0,0,0,73,0
62,43,0,96,59,0
0,40,72,0,97,0
82,94,0,42,93,0
0,68,50,1,52,0
0,65,53,44,78,69
0,60,95,0,0,0
0,0,50,13,0,0
0,58,9,2,0,0
89,54,45,35,0,0
16,83,0,0,0,0
0,0,5,12,38,0
0,0,25,68,0,0
0,0,44,0,30,0
47,0,0,38,0,0
0,0,0,42,57,0
76,100,66,0,0,0
52,0,24,0,65,0
0,49,32,24,0,0
0,0,47,15,53,0
0,0,33,57,10,0
65,93,24,0,49,0
51,0,82,0,14,0
0,15,49,0,42,0
68,43,46,0,0,0
25,53,83,0,0,0
69,49,0,0,0,0
10,99,0,0,0,0
0,0,0,0,0,0
0,61,75,96,0,0
0,48,15,0,0,0
0,75,36,0,66,0
62,57,86,6,0,0
86,43,6,0,0,0
0,0,88,0,0,0
0,0,47,93,10,0
0,0,34,0,0,0
0,0,71,0,47,0
74,0,5,0,58,0
0,0,7,0,40,0
13,0,0,0,0,0
11,4,3,0,96,0
0,0,39,0,0,0
0,0,0,0,11,0
0,0,89,0,0,0
0,90,0,0,0,0
6,0,42,94,0,0
0,0,55,0,0,0
0,58,0,0,97,0
0,0,39,0,0,0
61,11,67,62,0,0
46,61,0,1,95,0
0,27,33,81,0,82
11,97,83,0,0,0
0,54,25,0,68,0
35,53,7,0,0,0
76,51,39,0,36,0
99,0,7,0,22,0
59,0,27,0,0,0
0,0,41,0,6,0
38,0,75,0,79,0
0,0,16,92,30,61
34,22,86,0,1,0
0,0,0,45,0,0
0,0,10,0,0,0
0,0,48,0,0,0
0,0,0,0,0,0
0,67,20,0,63,0
0,0,0,0,22,0
0,53,59,41,0,0
17,0,0,0,0,0
0,0,53,0,0,0
40,0,11,89,35,0
0,0,20,0,0,0
91,26,0,22,21,0
17,72,0,0,0,0
0,93,47,0,5,0
0,19,78,72,29,0
0,62,0,77,97,0
0,0,9,82,15,43
0,0,75,79,63,0
0,0,2,0,91,0
14,0,61,0,0,0
39,0,0,22,0,0
0,0,0,58,0,0
0,0,76,89,34,0
0,0,17,0,0,0
90,0,97,0,0,0
0,0,0,21,0,29
0,0,64,84,0,95
0,88,44,0,0,0
0,26,45,0,0,0
0,96,0,0,0,7
0,0,35,0,37,0
0,79,70,0,46,0
58,86,0,23,77,0
90,99,65,0,65,0
37,22,0,48,15,0
0,62,96,0,0,0
0,23,65,0,88,0
0,20,43,68,42,52
74,0,38,29,0,0
53,1,5,39,0,0
0,0,39,21,23,0
0,0,37,0,0,0
67,0,97,0,0,0
88,0,12,0,0,0
4,0,23,0,0,0
24,0,58,0,0,0
44,0,85,78,74,0
44,0,3,0,7,0
19,70,71,47,94,0
73,0,0,0,27,0
31,0,20,0,47,35
84,12,0,55,59,81
0,53,86,0,61,0
77,26,0,98,73,0
95,0,0,0,69,0
0,27,0,0,25,0
0,13,32,0,11,0
92,0,73,58,0,0
9,83,49,0,98,0
21,22,70,0,0,0
2,96,0,0,0,0
0,53,78,25,0,25
0,70,60,0,12,9
0,0,62,54,0,0
18,0,0,0,0,0
0,0,41,0,0,0
0,0,0,86,90,78
0,46,68,54,38,0
72,0,94,61,72,0
4,0,0,21,0,0
0,45,0,40,38,0
69,22,43,0,49,0
69,0,19,0,0,0
0,0,10,0,99,0
0,0,0,0,50,0
0,0,52,72,67,0
0,0,61,94,0,0
0,42,2,0,0,0
0,0,78,51,0,0
0,23,24,0,0,0
25,28,0,0,0,0
0,0,0,41,0,0
0,46,62,3,0,0
95,69,0,0,0,0
0,23,0,0,91,0
0,38,0,0,0,0
0,0,88,0,0,0
10,0,26,81,0,0
83,0,65,0,94,0
0,0,46,0,41,0
16,0,85,17,19,0
0,0,0,0,91,61
0,0,0,0,96,0
0,0,0,0,13,0
46,0,77,0,91,0
0,67,68,0,0,0
0,16,0,0,0,0
16,64,0,52,0,0
0,36,36,32,0,76
0,70,52,3,8,0
0,42,48,97,0,77
19,0,39,0,0,0
0,0,38,0,0,0
0,0,78,44,81,0
10,0,25,40,0,0
0,0,34,0,0,0
37,14,11,0,0,0
0,62,0,35,93,0
7,25,42,3,0,0
66,0,73,45,57,0
76,0,0,30,65,0
19,0,0,13,62,0
0,0,0,0,97,0
86,74,0,0,77,0
0,0,40,0,0,100
72,0,35,0,0,0
0,0,0,0,0,0
0,44,22,0,0,52
0,0,70,0,0,67
59,81,89,0,0,0
12,10,0,0,0,0
42,0,32,78,77,0
0,82,41,0,5,0
0,0,16,0,63,0
0,0,0,0,0,0
0,40,0,0,65,0
0,77,6,85,10,0
37,39,0,0,24,0
0,41,46,0,0,0
0,0,0,0,38,0
0,52,46,0,0,0
0,78,33,23,8,0
0,0,35,41,67,0
89,0,59,0,0,0
74,0,16,0,0,82
51,90,48,0,0,0
5,0,89,0,0,58
0,0,37,0,0,0
81,0,12,76,0,0
74,0,59,0,29,0
0,0,35,0,42,0
0,0,70,0,0,0
26,91,16,0,13,0
0,54,0,0,76,0
5,83,53,46,96,38
77,18,0,35,12,0
0,71,0,0,0,0
0,42,36,0,77,0
10,47,82,0,0,0
62,22,75,0,99,0
0,68,85,0,35,0
15,43,27,0,18,0
26,29,63,98,0,0
0,56,4,0,0,0
59,79,31,0,0,0
46,0,64,0,0,0
0,0,60,0,0,0
0,0,38,0,0,0
76,0,48,0,0,0
93,83,55,0,0,0
0,0,17,0,0,0
0,0,19,0,32,0
78,66,0,0,0,0
0,25,0,43,90,0
0,0,66,0,0,0
28,56,0,51,0,0
0,0,71,0,0,0
0,41,42,0,76,0
8,0,77,0,96,0
1,0,23,23,53,93
0,23,86,85,15,72
0,50,2,19,0,0
0,44,48,78,0,0
0,65,0,0,0,0
0,27,0,56,0,0
23,0,4,0,0,54
74,91,0,55,0,96
0,79,60,0,0,0
44,0,10,79,0,0
0,0,34,100,0,0
55,0,0,0,6,0
0,0,11,0,16,0
0,0,91,0,58,0
25,0,78,0,0,0
0,0,0,0,65,0
57,0,76,47,36,16
99,75,0,9,25,0
0,0,81,94,0,0
0,0,90,0,0,0
0,0,0,0,2,0
23,0,41,0,0,0
0,74,62,8,0,0
0,27,81,34,0,0
11,38,13,22,0,0
0,42,72,0,0,0
74,11,0,0,10,0
26,0,58,53,25,0
9,38,26,94,0,0
91,94,86,0,37,0
30,22,32,0,54,0
69,80,90,0,0,0
100,0,60,0,0,0
0,0,0,0,20,0
0,0,58,0,0,0
20,0,90,0,60,0
0,0,35,35,14,79
13,0,0,40,0,0
62,0,30,0,92,0
96,0,35,0,81,0
89,78,52,0,0,48
70,0,0,89,92,0
0,0,60,50,0,0
85,0,7,0,0,0
74,61,32,0,0,0
94,75,58,0,0,0
0,38,73,0,0,0
40,18,0,0,78,0
0,0,23,0,0,0
0,58,44,0,40,0
49,8,60,14,12,0
88,42,0,0,79,0
84,2,13,26,45,0
0,30,69,48,79,0
0,50,0,0,0,0
0,0,71,20,48,0
0,0,74,0,93,0
0,0,86,0,1,0
0,1,59,0,11,0
100,0,0,1,0,0
0,0,80,0,0,0
0,0,34,17,0,0
0,0,97,79,0,0
54,84,51,0,0,0
0,31,25,0,0,0
74,36,0,92,5,0
0,0,61,0,0,0
0,0,52,0,0,0
59,3,0,27,0,45
0,52,13,72,0,0
99,18,0,97,5,0
0,80,0,0,63,0
0,11,27,72,0,0
0,0,0,0,0,0
33,54,75,73,77,76
0,99,54,0,85,20
5,33,37,75,4,0
0,99,0,77,87,0
8,0,0,0,0,0
0,0,68,0,0,0
0,0,0,0,0,0
0,0,39,0,0,0
71,0,31,22,0,37
0,92,67,60,0,0
0,0,53,5,0,0
0,0,76,0,0,0
0,18,60,60,0,36
0,92,0,0,0,91
36,0,43,0,0,0
0,0,56,0,0,0
0,0,21,55,0,0
0,0,80,57,30,0
19,0,0,0,43,0
65,0,39,0,44,95
37,38,10,0,97,0
0,77,52,0,80,0
0,65,89,46,20,89
0,60,0,59,0,0
27,58,64,0,0,0
0,0,16,0,0,0
0,37,76,0,25,0
33,0,3,0,0,0
0,0,51,0,0,0
0,19,1,0,0,0
0,33,0,0,0,0
1,0,4,59,0,0
98,0,81,0,36,0
0,0,0,0,51,0
61,0,0,3,19,0
46,0,0,0,0,33
0,19,10,0,32,52
0,0,30,0,33,0
0,9,43,0,0,0
57,53,90,0,0,0
42,87,77,2,27,72
0,0,41,0,98,0
0,0,46,0,0,0
0,58,85,0,0,0
0,0,71,0,0,0
0,0,0,0,0,0
33,29,82,95,0,0
29,22,49,57,48,0
0,2,0,0,66,0
75,22,40,0,0,0
0,0,0,0,0,0
0,0,0,0,40,0
0,0,84,0,0,0
0,0,0,58,76,0
74,0,97,21,18,0
0,0,0,0,17,0
0,0,0,47,34,0
54,0,0,0,0,0
0,0,97,0,56,0
0,0,41,0,34,0
0,74,0,0,63,0
0,88,0,0,0,0
0,0,0,0,0,0
0,28,2,0,0,51
95,64,13,0,0,0
57,24,70,0,0,0
45,0,82,0,5,0
0,18,77,0,44,0
28,0,20,72,49,0
0,30,43,39,0,0
0,23,36,0,53,0
34,98,50,25,24,0
45,24,48,0,25,0
38,0,72,0,52,0
38,0,19,78,0,0
0,0,0,38,0,0
0,0,93,2,93,0
0,0,25,0,0,0
15,0,0,0,24,0
25,0,0,32,40,0
0,55,47,91,0,12
0,37,0,0,0,0
0,0,64,0,0,32
0,0,0,0,0,14
0,27,0,0,0,91
78,0,77,0,74,0
0,0,74,18,53,0
0,0,85,1,0,0
0,0,0,0,43,9
26,0,0,0,57,0
0,0,44,14,0,0
0,11,79,27,0,68
0,12,2,13,12,0
0,0,36,0,66,0
67,0,10,0,12,0
0,26,12,0,36,0
0,0,94,0,83,0
47,0,26,0,36,0
0,0,2,0,83,0
0,0,27,0,0,0
0,0,77,86,0,0
0,0,62,16,0,0
78,44,39,0,0,0
0,12,0,0,0,0
21,0,9,99,96,0
30,0,63,0,60,0
0,0,81,4,43,0
14,3,73,36,0,0
0,0,27,0,0,0
75,0,19,57,0,0
0,0,94,0,25,0
0,43,0,5,53,0
30,73,0,0,24,0
0,68,0,0,97,0
0,60,0,0,78,23
65,73,84,0,48,0
0,60,95,16,33,39
0,30,0,0,33,86
0,53,76,0,0,0
0,0,67,89,0,0
0,0,66,0,5,0
82,0,27,0,0,27
0,29,0,0,100,0
42,0,47,40,74,16
0,0,0,31,0,0
0,0,0,0,88,0
0,0,39,0,99,0
0,0,0,0,53,0
54,11,0,16,0,0
0,0,35,86,20,0
0,0,88,63,82,0
53,23,0,63,57,0
0,0,56,0,77,0
48,53,90,0,94,0
90,16,61,79,98,34
0,28,78,58,88,0
0,5,84,0,81,70
0,0,36,96,0,0
34,0,0,99,0,0
0,20,15,73,0,0
0,65,83,0,0,0
0,32,0,24,0,0
16,0,0,88,0,0
0,0,45,0,0,0
0,0,0,89,39,0
7,0,22,0,12,0
53,0,2,0,65,0
53,0,41,0,0,10
0,0,63,0,56,66
31,0,77,0,16,0
39,0,0,0,13,0
0,83,16,76,63,0
0,0,76,0,50,29
14,0,0,13,0,45
0,0,56,0,0,0
0,0,60,0,50,0
28,0,0,0,0,0
38,39,46,0,0,0
40,44,23,0,0,0
73,46,0,0,0,0
58,50,90,53,39,0
0,36,92,96,0,0
18,94,0,0,0,0
49,38,5,63,0,0
0,65,0,0,0,0
0,0,40,0,0,24
91,0,74,0,89,0
0,0,0,15,0,0
0,0,0,69,4,0
0,0,0,0,43,0
45,0,0,86,37,0
0,0,30,0,80,0
0,10,0,78,87,79
0,63,68,0,65,0
59,0,3,0,27,68
0,0,41,49,0,47
29,30,63,0,0,0
9,28,7,36,73,0
39,45,76,23,3,69
0,62,29,0,0,0
0,0,81,0,0,0
0,24,73,58,59,0
0,0,19,0,0,0
0,99,97,0,78,0
62,72,98,75,16,0
0,37,21,0,0,0
0,29,15,0,0,0
79,30,55,17,0,0
62,0,62,92,5,0
0,0,75,21,82,0
0,0,0,0,55,0
25,0,28,0,0,0
26,0,71,0,0,0
0,46,45,0,49,0
41,0,27,0,0,0
10,0,32,0,0,0
0,70,53,0,0,0
0,0,94,35,0,0
55,0,74,0,0,0
0,0,68,0,0,0
0,0,54,0,0,80
0,0,0,0,87,0
0,0,1,0,0,0
0,0,83,22,0,0
0,7,0,0,0,0
0,0,0,0,0,0
0,24,43,0,68,0
100,0,27,0,32,0
96,47,6,0,26,0
0,54,70,0,21,0
0,86,0,0,17,0
0,0,0,80,34,0
0,0,22,0,89,0
0,0,93,0,0,0
0,0,0,18,0,52
0,0,0,72,0,0
0,0,71,48,0,0
0,20,90,0,4,46
0,46,37,38,0,49
57,0,0,0,0,7
99,67,55,90,3,60
0,19,80,92,0,0
0,0,0,43,0,0
0,0,34,0,0,0
0,56,33,0,0,0
49,73,75,0,93,0
0,30,6,73,46,0
0,61,24,0,45,0
37,74,16,41,55,0
0,95,18,0,18,0
65,76,7,12,41,0
0,37,96,56,22,0
0,88,0,0,0,0
0,28,0,75,0,0
52,0,0,0,0,0
0,0,2,0,51,0
0,0,94,0,0,0
0,0,84,0,74,0
0,0,58,0,0,0
0,0,47,0,0,0
80,0,0,0,35,0
0,0,91,0,69,0
0,0,97,62,0,0
93,0,30,44,68,0
0,0,0,0,46,0
17,67,53,0,18,0
79,29,0,0,0,0
83,12,0,28,0,0
24,32,82,0,5,0
6,0,0,54,75,61
40,72,2,0,76,0
0,0,29,0,0,0
0,44,0,0,0,0
0,52,45,0,0,0
0,36,84,86,0,0
16,29,9,52,0,0
19,34,65,0,0,0
23,0,92,1,87,0
97,0,77,1,0,0
71,0,0,96,0,0
0,0,0,0,32,0
0,2,68,0,0,0
49,0,0,0,0,0
0,0,0,0,0,34
0,0,2,8,0,0
0,0,0,66,1,0
0,85,100,26,4,0
0,0,9,26,0,0
9,0,8,0,20,0
25,57,0,0,24,0
59,0,0,0,0,0
57,0,0,0,0,0
96,38,15,22,0,0
0,77,59,39,0,0
0,4,0,12,0,0
76,43,0,0,0,0
0,68,74,0,0,0
39,14,32,0,0,0
62,61,76,0,0,0
60,43,74,0,0,53
0,0,77,0,34,0
0,0,52,0,0,33
0,0,0,0,6,11
0,0,60,21,2,0
81,0,0,11,73,0
77,0,0,29,72,0
0,0,0,3,95,0
90,0,27,31,0,0
83,0,42,69,58,0
36,0,33,0,0,0
89,44,59,0,0,0
0,0,84,0,0,0
46,8,85,0,0,0
0,0,36,0,31,0
0,97,0,0,0,0
0,0,64,0,73,0
35,83,77,0,46,0
0,45,32,0,0,0
0,5,38,0,0,0
0,18,91,70,38,0
0,41,0,0,0,0
0,2,39,48,17,0
0,9,0,3,0,0
71,0,0,0,0,0
0,0,0,0,69,0
37,52,63,0,55,0
0,0,2,0,26,0
0,0,8,47,85,0
0,0,51,89,0,0
0,0,0,0,0,0
19,34,77,16,0,93
0,0,13,26,0,0
0,0,0,0,0,0
0,28,0,0,0,0
0,0,75,54,0,0
98,0,38,75,65,0
0,0,10,5,0,0
0,0,39,79,0,0
0,62,0,0,58,31
0,80,85,35,0,0
0,80,77,0,34,0
35,78,56,18,22,33
0,41,42,63,37,0
95,0,2,0,30,16
0,72,95,0,0,0
0,82,53,0,0,0
82,0,4,0,5,0
0,7,37,89,0,87
30,0,0,0,0,51
85,0,92,41,0,0
0,0,90,0,0,0
0,0,79,58,0,0
0,93,44,0,87,0
11,53,0,0,70,0
0,2,79,0,0,0
0,43,0,0,1,0
0,0,0,0,18,0
0,0,0,97,0,0
0,80,0,0,52,48
59,54,0,0,41,0
0,30,94,0,0,0
0,88,61,44,99,0
0,28,0,0,38,0
33,10,55,78,0,0
0,51,0,25,75,0
0,43,0,0,34,0
0,76,61,0,0,0
0,64,36,90,0,91
0,86,0,0,0,0
0,0,18,0,0,0
0,0,0,0,0,0
74,0,36,0,0,73
0,74,61,45,0,0
0,0,57,0,10,0
0,29,11,22,15,0
0,17,84,0,0,0
0,61,72,0,88,0
0,16,75,0,49,35
0,0,41,0,0,0
0,90,0,60,62,0
0,0,78,0,38,53
0,88,0,0,100,0
82,95,0,66,0,0
0,0,0,98,0,0
0,0,54,81,70,0
0,28,0,0,0,40
79,0,97,0,0,0
0,7,12,0,0,0
0,87,55,0,0,0
72,6,32,63,0,4
0,52,45,0,0,0
0,24,0,0,0,0
0,0,76,0,0,0
0,0,9,0,16,5
93,69,21,0,0,0
0,0,39,0,0,0
41,0,0,68,13,0
0,0,10,31,0,0
0,80,50,0,7,0
0,53,42,0,20,0
0,70,59,9,35,0
0,0,0,0,67,0
0,0,84,0,68,0
0,5,75,0,47,0
0,97,92,0,0,0
0,0,0,23,0,0
0,0,22,0,0,55
0,51,86,0,29,0
0,0,0,0,0,0
97,62,78,0,97,0
49,26,26,23,0,0
91,9,47,46,0,0
0,76,71,0,32,0
0,40,53,0,0,0
0,45,40,20,57,0
0,0,34,0,50,0
0,0,73,0,0,0
0,0,0,33,61,0
0,0,18,0,28,0
0,0,31,0,94,64
0,0,97,77,88,0
46,0,8,0,46,0
0,0,5,0,0,0
0,52,3,0,0,0
0,0,57,0,0,0
40,28,22,0,0,0
0,58,45,28,0,0
15,0,20,0,0,0
0,52,23,0,0,100
98,18,0,0,52,0
20,80,75,24,0,0
0,38,81,86,59,0
0,29,10,2,83,0
0,35,64,14,0,0
90,94,99,0,0,0
0,0,71,16,3,0
0,0,2,0,0,0
0,0,87,83,94,0
97,0,41,0,80,0
84,0,55,36,32,0
0,29,50,0,0,0
0,0,81,0,21,0
92,0,90,0,0,0
0,0,24,0,0,0
47,0,90,39,0,0
0,33,100,55,0,0
0,0,0,79,0,0
52,0,0,0,0,0
0,0,23,73,0,0
0,0,0,80,0,0
0,79,4,39,0,0
63,0,95,0,0,0
0,53,57,0,0,0
0,39,0,0,86,20
0,0,0,85,84,0
0,4,0,11,32,0
41,24,38,24,31,0
0,100,86,46,69,0
0,24,0,0,100,0
46,12,95,0,28,30
0,92,35,0,59,0
0,0,0,26,0,0
8,0,0,4,0,0
93,0,99,0,0,0
0,93,45,0,29,0
0,0,41,0,57,0
0,0,3,0,0,0
55,23,63,92,0,0
6,0,5,19,0,95
0,0,27,0,0,0
0,0,0,0,0,0
0,16,48,0,13,0
0,0,55,0,0,0
13,43,0,0,0,0
74,38,75,0,0,0
0,0,0,0,55,0
0,15,17,0,73,0
0,0,91,99,52,0
0,36,13,0,47,0
87,12,2,0,72,0
0,12,0,26,0,0
0,33,0,0,0,0
0,27,74,0,0,0
0,45,0,89,0,0
69,0,0,93,0,0
90,0,0,0,23,75
0,0,89,0,0,91
0,0,0,83,55,0
0,0,68,0,0,0
0,43,23,0,0,0
50,0,51,0,76,0
0,82,70,75,0,0
0,0,58,0,0,0
21,0,76,0,88,0
83,0,0,0,94,0
29,45,0,73,20,0
0,100,0,0,76,0
0,0,75,0,47,0
0,9,37,0,79,0
0,69,44,0,0,0
0,0,39,0,0,0
52,31,26,20,0,0
30,19,76,0,0,0
0,0,50,75,30,0
35,0,6,92,0,0
0,48,52,66,0,0
0,98,0,36,0,0
0,0,53,0,0,0
0,0,70,0,40,0
0,0,14,0,23,0
0,0,25,0,12,51
0,0,0,0,29,0
0,0,96,66,9,0
0,80,5,68,99,0
6,0,6,0,94,0
0,70,0,0,0,0
0,0,85,0,82,0
0,55,37,5,30,0
55,0,36,0,0,90
38,0,49,91,0,0
0,0,0,0,0,0
92,0,0,4,0,0
47,20,100,34,0,0
0,0,0,0,0,0
0,3,75,0,0,35
0,0,70,58,0,0
0,91,33,98,0,0
0,0,10,42,0,12
0,80,0,0,78,0
57,0,6,43,0,0
64,0,61,10,0,0
99,0,0,42,0,0
0,0,84,1,0,0
59,0,2,18,0,0
0,0,8,0,56,0
0,0,0,60,25,0
0,38,0,0,94,0
0,0,13,0,0,0
0,93,53,72,0,0
0,0,50,78,0,0
63,0,84,0,0,0
0,5,13,0,0,1
0,14,90,55,0,0
0,96,5,0,0,0
0,86,7,0,0,0
0,35,0,0,37,0
0,0,94,0,29,0
42,0,97,0,5,0
0,54,0,0,5,0
0,0,0,0,0,0
0,25,0,77,14,0
0,9,0,0,0,0
0,24,0,0,59,0
58,0,0,0,81,62
0,0,0,0,73,0
0,0,86,0,48,0
50,0,4,0,0,0
0,0,40,0,0,0
53,0,65,0,0,0
0,0,32,0,0,0
0,0,0,0,0,0
0,0,0,0,29,0
4,0,85,0,7,0
0,0,0,0,0,0
0,36,55,0,6,0
0,0,94,0,83,0
0,0,47,0,89,0
72,0,12,0,73,0
41,0,69,0,0,0
0,52,0,0,47,0
0,0,16,0,0,0
100,52,82,0,53,0
0,66,74,82,15,0
0,52,32,0,71,0
0,25,52,0,74,0
0,26,0,0,0,0
0,0,90,0,0,0
0,0,8,0,0,0
0,0,57,0,0,0
26,0,50,0,0,0
0,79,0,0,0,0
0,0,0,0,0,0
0,0,62,0,56,0
0,0,65,0,0,0
0,0,49,0,90,0
0,0,66,0,74,0
0,0,10,0,47,0
0,0,0,0,0,0
0,0,12,0,73,0
0,0,0,0,12,0
0,0,8,0,8,0
28,45,65,0,51,0
46,33,12,0,94,0
0,0,0,0,84,0
0,18,0,0,0,0
0,63,0,0,0,89
0,79,61,0,0,0
0,74,0,0,0,0
50,20,40,0,0,0
0,0,0,0,3,20
73,0,31,0,21,0
0,0,97,0,0,0
0,0,0,0,0,0
0,0,85,11,31,0
0,0,0,0,0,0
0,0,54,0,5,0
0,0,0,0,45,0
0,53,43,0,16,0
86,19,0,0,65,0
0,15,0,0,64,0
0,49,45,0,72,0
0,72,49,0,78,0
0,0,0,0,52,0
82,0,0,0,0,13
0,93,7,0,0,12
0,82,73,0,0,0
96,58,38,0,0,0
68,72,42,0,0,0
0,0,40,0,0,0
0,24,0,0,0,0
88,95,43,0,84,0
29,85,86,0,0,0
33,0,37,0,0,0
0,0,10,0,0,0
0,0,25,0,0,0
43,27,59,0,27,0
66,0,66,0,0,0
100,97,76,0,0,0
0,0,0,0,0,0
0,0,0,0,54,0
90,0,0,0,92,0
0,0,0,0,49,0
17,0,0,0,0,0
70,0,0,0,0,85
0,0,15,0,0,0
0,4,0,0,0,0
0,36,0,0,0,0
75,0,98,0,89,88
0,68,6,0,0,0
0,15,90,0,0,0
59,0,87,0,0,63
0,21,5,0,0,0
0,93,77,0,9,0
45,80,0,0,57,40
65,6,0,0,0,0
0,0,83,0,0,17
50,0,16,82,11,0
0,0,32,0,28,0
0,0,19,0,99,0
0,0,45,0,82,0
0,87,0,0,26,0
0,0,59,0,0,0
27,75,81,0,0,0
0,0,1,0,0,0
0,0,5,0,92,0
0,75,0,0,100,0
80,55,0,0,0,0
100,0,26,86,0,41
5,14,24,0,0,0
33,72,0,0,0,0
0,93,88,0,31,0
0,78,2,0,0,0
0,0,7,0,63,0
0,81,0,0,57,0
0,86,34,0,26,0
0,53,67,0,12,0
56,90,13,0,70,0
0,72,0,0,0,0
0,0,0,0,23,0
0,0,91,0,48,0
0,0,88,0,0,0
0,0,50,0,0,0
0,83,84,0,0,0
96,29,17,0,0,80
61,0,6,0,0,0
0,0,97,0,86,0
0,15,0,0,0,0
83,41,23,0,58,63
0,43,47,0,0,0
0,0,92,0,37,0
0,43,40,72,0,0
0,0,89,0,59,0
66,0,13,0,0,0
74,65,40,0,3,0
31,17,49,0,28,0
75,0,0,0,82,0
47,55,0,0,100,0
0,42,48,0,81,0
64,88,67,0,37,0
0,52,86,0,0,0
0,69,0,0,0,0
78,0,96,0,0,0
35,0,44,0,0,0
0,0,0,0,0,0
0,0,91,26,0,0
91,0,4,0,0,24
0,0,34,0,30,74
0,0,39,0,11,0
0,16,0,0,0,28
0,0,0,0,29,0
0,0,89,0,23,0
0,84,65,0,1,0
0,0,0,67,54,0
0,46,0,0,30,0
82,24,86,0,29,0
0,0,0,0,48,0
0,98,83,0,24,0
0,35,0,91,71,0
0,64,0,0,0,0
43,94,28,0,0,0
51,0,96,0,0,0
47,0,0,10,0,0
0,38,3,0,0,0
0,5,29,0,29,0
100,0,43,0,10,0
17,0,0,0,0,0
0,0,61,0,0,46
42,0,0,0,0,0
0,0,24,0,30,0
0,0,4,0,66,0
77,0,19,0,0,0
21,0,7,0,0,0
0,73,3,0,0,0
0,59,34,0,20,0
0,0,61,0,23,0
0,50,0,0,57,40
0,0,18,0,45,0
9,38,72,0,0,2
0,92,5,0,0,0
0,80,58,0,0,0
83,75,0,0,0,0
0,14,0,0,0,0
0,0,82,0,0,0
0,40,33,1,38,0
66,94,58,0,0,0
0,0,91,0,36,0
0,85,31,0,0,0
0,0,97,0,0,47
0,0,0,0,89,57
0,0,29,0,32,0
5,0,24,0,87,83
0,0,0,0,24,0
0,0,46,0,3,0
0,0,23,0,0,0
63,80,4,0,93,0
0,0,13,33,92,0
0,67,28,0,0,0
0,0,0,27,0,12
0,0,44,0,0,0
0,74,19,0,0,0
0,100,49,0,0,0
56,0,12,0,0,0
22,0,69,0,0,0
0,89,58,0,38,0
0,18,62,0,88,0
29,34,98,0,0,0
95,0,6,0,89,0
0,65,46,66,0,9
0,59,45,0,0,0
0,18,60,22,34,0
0,0,27,0,0,0
0,0,74,0,94,0
0,0,0,0,47,0
42,0,12,0,56,0
0,0,0,0,2,0
0,0,64,0,0,0
79,84,0,0,0,0
7,0,56,0,0,0
0,0,78,0,0,0
78,0,79,0,0,0
0,0,0,0,0,9
0,0,93,0,0,0
0,44,89,0,32,0
56,0,0,0,54,0
0,0,87,0,0,0
88,59,0,0,0,0
0,51,52,0,87,0
0,0,89,0,0,0
44,97,0,0,0,0
0,57,96,0,36,0
4,84,0,0,6,0
0,26,31,0,91,0
0,80,0,0,79,0
0,0,0,0,86,70
0,0,41,33,0,0
55,0,0,0,0,0
2,0,35,0,0,0
0,0,31,0,0,0
20,0,0,0,0,0
0,0,38,0,0,0
0,0,14,0,62,11
47,0,83,0,18,0
0,64,30,0,0,0
0,0,46,0,83,38
0,0,49,0,32,0
0,64,90,0,0,0
0,37,64,0,0,0
54,0,0,0,28,0
0,0,0,0,62,0
0,63,7,0,51,0
0,49,15,0,0,0
0,5,51,0,0,0
95,57,0,0,74,0
0,88,90,0,0,0
0,1,0,0,0,0
0,64,0,59,0,0
0,0,0,0,55,0
48,0,0,0,14,0
0,0,75,0,0,0
0,0,0,0,0,0
0,0,45,0,68,0
65,0,89,34,0,14
80,0,51,0,80,0
0,94,35,0,0,0
7,0,86,0,0,0
0,28,0,0,60,0
0,0,33,29,15,0
0,0,0,0,15,0
0,99,23,0,12,0
0,49,83,0,0,0
1,24,45,0,0,0
0,0,97,0,33,0
2,0,0,22,0,0
4,30,71,78,0,0
0,97,87,0,2,0
0,68,0,0,0,0
0,93,4,0,0,0
0,50,3,0,5,0
0,5,0,0,0,0
44,0,0,0,0,0
28,0,0,0,0,0
3,0,0,0,77,0
0,0,0,0,49,5
0,0,85,0,44,0
0,0,87,22,43,0
0,0,0,0,84,0
75,99,75,0,70,0
0,45,12,0,59,0
86,0,32,0,14,80
80,0,7,0,0,0
0,0,44,0,99,0
0,40,0,0,0,0
56,53,0,0,0,0
0,9,40,0,75,0
0,54,0,38,0,0
15,24,62,0,0,0
89,64,53,0,0,27
0,77,77,43,0,0
0,37,0,0,0,0
0,40,0,0,0,0
0,98,8,0,43,0
0,80,15,0,0,0
1,0,0,0,0,0
0,0,12,0,82,25
82,0,43,51,78,82
45,0,84,0,0,0
0,0,0,27,66,0
0,0,93,0,0,41
0,0,59,25,0,0
52,0,90,0,80,0
0,66,52,0,0,0
0,0,0,0,0,0
0,45,0,0,0,0
0,0,0,70,0,0
95,25,0,0,0,0
0,10,73,0,47,75
31,0,0,61,58,0
0,40,0,0,0,0
0,97,53,0,0,0
19,65,81,0,26,84
0,0,0,99,99,0
70,0,6,0,0,0
0,31,2,0,0,0
0,72,63,0,0,0
0,74,80,0,0,0
92,0,98,0,0,0
0,0,0,0,24,0
0,0,48,0,41,0
0,0,65,0,0,0
0,0,67,0,0,0
0,0,28,0,0,0
0,0,0,50,0,0
0,0,0,72,0,0
0,0,18,0,0,0
0,0,57,0,0,0
58,82,0,0,57,21
0,15,0,0,49,0
0,45,27,0,81,0
0,61,7,0,1,0
0,25,66,0,43,0
0,0,33,0,0,0
0,29,9,0,0,0
0,0,82,95,0,0
45,95,10,0,0,0
0,10,0,0,5,0
0,50,0,0,18,0
0,52,0,0,6,0
37,68,0,0,26,0
0,0,31,0,0,0
58,0,83,0,0,0
38,0,6,91,0,0
0,0,37,0,35,19
12,0,28,0,0,0
0,0,39,0,79,0
0,58,50,0,39,0
14,0,30,0,0,0
0,24,52,0,0,0
0,0,0,0,61,0
92,3,1,0,4,0
1,90,70,0,25,0
24,27,73,0,93,0
0,0,38,0,0,0
0,0,11,0,0,0
0,34,10,0,37,0
0,87,35,0,44,0
47,17,0,0,17,0
0,56,0,0,87,0
0,39,0,0,0,0
25,68,34,0,0,0
41,38,49,0,0,0
0,37,30,0,0,0
0,0,42,0,0,0
8,0,36,0,0,0
0,0,0,0,83,0
0,0,19,0,0,0
4,0,79,0,28,72
0,0,0,0,0,0
0,0,82,0,10,0
69,0,43,95,53,0
0,0,38,0,0,0
0,24,1,0,19,13
0,0,0,29,57,0
0,10,55,0,9,0
100,66,70,0,0,0
0,66,77,0,22,0
0,28,68,0,92,0
0,90,41,0,0,0
7,0,9,0,0,0
0,0,0,0,0,0
0,57,15,0,72,0
0,0,84,0,27,0
0,38,0,0,17,59
0,31,74,0,0,0
0,76,4,0,0,0
61,0,0,0,80,0
58,0,56,14,0,0
0,0,30,0,0,0
0,0,73,47,77,32
0,0,53,0,34,0
7,0,0,0,31,0
0,0,0,0,6,0
0,0,77,0,57,0
0,0,31,0,86,0
0,0,73,0,84,0
0,100,71,0,31,0
0,37,0,0,0,0
0,0,0,0,0,0
0,79,56,0,0,0
95,41,0,0,0,0
0,0,28,0,0,0
28,0,10,0,0,0
97,1,25,0,99,86
37,78,1,0,0,91
50,57,58,0,0,0
0,95,15,0,88,0
0,32,1,94,66,0
62,40,47,0,32,0
0,0,0,0,0,0
0,0,9,0,15,0
0,0,73,0,86,88
0,0,0,14,0,0
0,0,21,0,52,60
73,0,0,0,10,96
0,0,80,0,15,0
0,0,0,0,0,0
0,0,0,0,0,0
7,75,0,0,0,0
0,0,2,0,0,0
0,0,13,0,0,0
69,48,0,0,0,0
51,0,8,0,0,0
96,10,88,0,0,0
29,37,50,0,0,0
0,9,25,0,0,0
0,2,64,67,54,0
0,38,44,0,0,0
0,10,32,0,90,0
35,27,0,0,0,0
84,17,87,0,60,0
0,73,33,0,0,46
92,0,0,0,16,0
0,2,16,0,86,0
66,0,56,0,11,65
100,0,20,0,0,0
0,0,39,0,0,0
0,0,96,0,0,0
0,0,35,0,0,0
16,0,83,0,0,0
0,0,5,0,13,0
0,0,46,0,40,0
0,68,49,0,0,0
20,0,0,0,47,0
0,0,6,0,0,0
0,0,0,0,3,0
1,0,36,0,87,0
0,29,47,0,38,0
0,0,62,0,0,0
0,75,0,24,19,0
0,43,29,3,72,0
0,61,59,17,45,95
40,41,23,0,68,0
55,0,34,0,20,0
0,0,90,0,0,0
0,0,0,0,0,0
29,0,0,0,0,0
0,0,89,0,62,0
72,0,87,0,0,0
0,0,42,0,26,0
0,14,44,0,84,0
0,25,81,0,25,18
0,0,0,0,22,0
0,0,76,0,29,0
36,0,68,0,64,0
21,70,0,91,0,0
0,94,0,0,34,0
0,0,4,0,88,67
0,0,59,34,0,0
0,2,0,0,0,0
0,0,89,0,71,0
0,38,3,0,61,0
0,78,0,0,0,0
0,68,58,0,0,0
0,0,32,0,0,0
0,0,73,84,0,0
0,53,11,0,35,0
0,25,76,0,0,0
0,0,94,0,0,0
84,0,35,0,0,0
0,0,75,0,73,0
0,0,50,59,46,0
64,0,50,0,85,0
0,74,2,0,0,0
0,0,0,0,91,0
0,0,62,0,0,0
0,22,0,0,0,0
0,0,55,0,81,36
0,89,63,0,57,0
0,0,33,0,45,0
0,0,17,0,16,0
62,0,45,0,29,0
0,90,78,0,0,0
0,93,0,0,0,0
36,26,86,0,0,0
93,10,70,70,0,0
0,2,80,0,0,0
0,0,0,0,0,53
0,77,98,0,0,0
0,64,87,0,77,0
0,63,6,0,54,0
0,0,0,0,68,0
0,0,79,0,48,0
47,0,9,0,73,0
0,0,72,0,13,0
62,0,68,0,82,0
0,0,0,0,31,0
0,32,9,13,46,0
0,0,4,0,0,47
0,0,0,0,73,70
0,3,51,70,74,0
0,0,0,0,0,0
0,51,45,0,0,0
0,0,81,0,0,0
0,74,0,2,45,0
0,62,21,0,0,0
0,0,1,0,28,0
72,17,3,0,0,0
0,0,59,0,0,0
0,68,0,0,0,0
0,0,0,59,69,0
0,90,0,0,93,0
69,54,86,0,5,0
0,19,10,0,0,0
0,0,30,0,0,0
0,0,8,100,0,0
0,0,18,0,72,0
0,0,95,47,67,0
75,9,4,0,29,0
0,55,0,0,92,0
0,100,30,0,0,0
0,0,54,0,0,0
29,20,43,0,0,0
0,0,75,6,0,0
0,0,50,0,0,0
0,0,0,37,0,0
0,65,13,0,46,0
0,22,0,0,0,0
0,0,98,0,0,60
0,13,23,0,0,0
0,89,53,0,67,0
0,42,0,0,66,0
53,29,33,0,52,0
0,80,33,0,8,0
0,41,0,0,0,0
0,99,0,0,44,0
0,26,21,0,18,32
37,0,97,0,19,0
73,0,74,0,30,85
100,0,50,0,0,0
0,0,65,0,0,0
0,0,64,0,0,0
0,0,74,0,0,0
9,23,0,29,0,0
0,0,0,0,88,0
0,0,49,0,34,0
0,0,1,0,0,0
0,32,1,0,0,0
93,95,0,0,0,0
98,94,74,0,4,0
0,4,0,0,95,13
57,67,0,0,100,0
0,68,28,0,11,0
0,74,27,0,0,0
0,48,52,0,79,0
37,34,49,0,76,0
0,68,0,0,80,0
0,0,39,0,59,0
0,81,0,0,0,0
66,33,8,0,0,0
68,0,0,0,0,0
0,0,0,0,0,0
0,0,88,0,0,0
0,0,26,14,9,0
0,0,86,0,0,0
0,0,57,0,0,0
0,0,32,0,0,0
0,49,0,0,59,0
45,0,0,0,0,0
93,0,90,0,94,0
22,0,2,0,0,0
0,0,13,0,7,0
0,99,0,0,4,0
0,79,23,0,33,0
60,30,75,0,35,0
0,80,20,74,49,0
46,60,0,0,62,0
0,100,66,0,0,0
0,71,71,0,68,0
0,66,23,0,0,0
0,75,38,0,0,0
0,3,100,0,21,41
0,92,95,0,0,0
0,0,50,0,0,28
0,0,77,0,3,0
88,0,75,0,95,20
0,0,0,79,0,0
0,0,49,0,0,0
0,0,92,0,0,0
0,0,0,0,84,0
0,85,30,0,0,0
0,0,3,0,42,0
0,0,0,51,17,0
1,0,41,0,65,0
0,91,47,0,54,0
0,91,63,0,33,0
0,0,17,0,0,0
32,0,0,0,0,0
0,0,36,0,0,100
0,21,0,0,0,0
0,0,66,90,100,0
85,70,71,0,0,0
0,40,0,0,0,0
97,5,0,0,0,0
58,77,29,0,0,0
16,80,0,28,28,0
0,0,39,0,36,0
0,0,45,0,0,0
0,0,0,0,0,0
0,24,76,59,0,0
0,0,0,0,36,0
0,0,31,0,30,0
0,0,97,0,22,0
0,0,41,0,16,0
64,16,89,70,41,0
0,12,97,0,0,0
79,0,97,0,0,0
0,80,0,0,0,0
0,0,45,0,0,0
94,65,89,0,0,0
0,59,0,0,98,0
0,74,73,0,7,0
0,53,1,0,0,0
27,17,0,0,0,0
73,78,72,0,11,0
0,0,44,6,30,0
0,5,43,0,77,0
20,15,46,0,85,0
0,44,0,73,82,0
0,0,55,0,0,0
0,0,0,0,33,15
23,0,11,0,3,0
0,0,78,0,84,0
37,0,32,0,13,37
0,0,0,0,0,0
0,95,38,0,0,37
88,0,0,0,0,0
0,0,21,0,0,0
0,63,49,0,0,0
0,50,55,0,11,85
0,20,9,0,22,0
0,0,25,0,0,0
0,0,0,0,0,0
0,77,84,0,0,0
0,92,100,0,0,0
0,22,38,0,80,0
0,67,17,0,63,14
0,44,20,0,62,0
40,0,54,18,61,0
0,41,0,0,73,0
0,35,95,0,43,0
36,72,56,0,58,0
0,0,86,0,78,0
0,0,0,0,0,0
69,71,30,0,0,0
0,0,0,0,0,89
0,0,70,50,0,93
4,15,0,0,0,0
52,19,60,0,13,0
93,80,9,0,0,50
81,0,32,0,0,0
100,87,30,0,84,68
21,0,70,0,2,0
83,50,0,0,57,0
0,0,0,0,0,0
0,1,0,0,4,0
40,0,42,0,0,0
0,80,68,8,2,0
69,21,48,0,65,0
88,83,76,0,30,0
0,65,35,0,99,0
59,16,63,23,75,0
94,79,73,0,0,47
68,93,0,89,0,0
54,9,0,0,0,0
10,0,0,0,0,0
6,0,46,0,0,0
0,0,60,0,20,0
0,0,25,0,0,8
50,0,50,0,59,34
0,0,93,66,29,0
0,12,3,0,0,67
0,80,39,0,6,0
0,0,60,0,62,0
45,88,3,0,83,0
95,81,84,0,49,0
58,66,0,0,0,0
67,100,73,0,98,7
0,69,0,0,62,0
0,91,50,0,44,22
38,0,0,0,76,94
0,0,0,0,0,0
52,6,0,0,0,0
38,61,0,0,0,0
88,38,1,0,0,0
61,97,6,0,0,0
0,64,55,0,0,0
39,41,55,0,14,85
37,0,38,0,0,0
0,0,23,0,0,0
57,0,0,0,35,0
0,0,0,0,71,0
70,24,81,0,0,0
0,0,11,0,0,0
0,75,64,0,88,0
0,0,81,0,56,18
70,0,0,0,100,0
0,0,0,0,0,0
57,45,0,0,75,0
20,35,17,0,57,0
0,17,78,0,0,0
88,91,92,0,0,38
18,12,57,0,0,0
0,0,57,0,0,0
44,48,32,0,0,0
0,18,62,0,0,0
74,0,37,0,19,37
76,39,0,0,0,32
91,71,97,0,31,0
49,50,22,0,0,0
0,13,11,0,6,0
16,0,43,0,0,0
0,0,46,0,40,0
95,33,0,0,48,0
70,0,10,0,27,0
10,0,0,0,28,45
0,0,92,0,4,0
7,0,2,0,67,0
84,24,26,0,67,0
37,0,24,0,0,0
80,0,0,0,0,0
0,0,33,0,0,0
0,100,87,0,0,0
0,59,3,0,0,0
76,0,0,0,0,50
29,0,45,0,73,0
3,18,1,0,0,45
0,20,46,0,0,0
0,36,0,0,0,74
4,72,75,0,0,0
28,16,87,0,20,0
0,55,87,0,25,0
74,72,2,0,0,65
0,16,82,0,81,68
0,0,19,0,23,51
0,0,12,0,37,0
97,18,37,0,34,0
0,0,57,0,99,0
37,0,90,0,0,0
43,99,87,0,0,0
0,19,0,0,0,0
0,0,21,97,0,0
18,24,80,0,0,0
0,0,21,0,0,0
1,0,52,0,0,0
31,80,14,0,0,0
94,40,0,0,0,0
3,0,50,0,0,0
0,84,0,0,4,0
66,43,71,0,21,0
10,0,16,0,0,0
0,87,31,0,0,11
44,52,0,0,48,71
87,36,61,0,9,0
0,99,26,0,35,0
0,42,65,0,66,0
0,63,0,0,56,0
98,0,0,0,0,0
0,0,84,0,0,0
22,0,67,0,32,0
61,0,54,0,0,0
34,0,79,0,0,0
0,39,0,0,51,0
94,9,75,0,0,0
34,0,39,0,0,0
34,0,51,0,54,35
25,0,24,0,83,0
82,98,0,0,4,38
51,0,76,0,0,78
5,45,17,0,46,0
0,6,4,0,76,0
74,0,69,0,17,0
79,8,74,0,4,0
83,50,35,0,41,52
100,23,77,0,9,0
0,66,71,0,98,0
34,66,98,0,0,0
0,32,14,0,0,0
0,98,70,0,0,0
74,98,0,0,0,0
16,0,0,0,13,0
46,0,66,0,0,92
0,4,76,0,0,18
10,0,0,0,0,8
0,0,67,36,0,92
38,0,97,0,20,0
5,0,55,0,21,0
0,0,0,0,0,0
0,100,41,0,0,0
0,80,0,0,0,0
61,0,20,0,41,55
0,0,25,0,71,0
38,81,21,0,96,0
59,93,39,0,21,0
0,96,60,23,96,0
72,0,84,0,0,0
0,1,58,0,0,0
0,71,0,0,0,0
81,0,75,0,0,0
12,28,0,0,0,0
83,59,53,0,0,0
82,52,55,0,90,55
15,43,29,0,0,0
58,0,90,0,0,0
32,0,22,0,0,0
48,0,15,0,12,0
30,0,51,0,0,99
0,0,0,0,79,0
92,0,90,27,100,0
69,0,0,0,0,0
26,0,0,0,0,0
100,16,0,0,0,0
24,31,0,0,73,0
0,0,54,0,72,0
0,0,36,0,0,37
17,0,0,0,0,0
9,0,0,0,0,0
0,0,17,0,0,10
21,0,0,0,0,0
85,19,0,0,0,0
87,23,41,0,35,96
15,4,51,0,59,0
0,92,42,0,47,0
0,38,99,0,0,96
63,81,6,0,0,0
51,89,34,0,0,0
0,0,49,0,0,0
44,0,0,0,37,0
0,0,65,0,50,0
74,65,16,0,10,99
0,22,47,0,97,26
85,0,0,0,71,0
34,0,88,0,92,77
33,0,0,0,0,0
0,0,100,75,0,0
0,0,56,0,0,77
0,85,57,0,0,0
0,0,59,0,0,0
0,0,33,0,80,0
47,58,68,0,17,0
0,13,0,0,0,0
85,0,62,0,0,0
0,31,0,0,0,0
0,0,0,0,0,94
52,19,55,0,0,0
15,95,7,60,0,0
81,53,0,0,0,41
84,0,22,0,19,0
0,3,14,0,72,0
0,0,82,0,18,0
41,0,0,0,0,31
19,0,0,0,76,0
61,0,42,0,0,0
72,0,0,0,0,0
26,0,30,0,0,16
56,0,74,0,0,47
51,0,13,0,0,37
0,0,0,0,53,0
23,61,0,0,0,0
66,0,0,0,0,0
0,77,52,0,76,0
38,44,30,0,79,0
0,0,17,0,0,0
91,56,0,0,0,0
0,42,0,0,93,0
37,74,76,0,0,0
0,48,0,0,56,0
0,83,4,0,73,29
7,85,94,0,0,0
0,36,98,0,33,0
31,33,0,0,64,0
95,26,0,28,0,0
0,0,10,0,0,39
0,0,76,0,0,0
0,0,40,0,0,0
74,0,77,0,0,0
0,0,30,0,0,0
0,0,90,0,44,0
0,37,38,0,0,0
0,0,38,0,0,0
81,26,34,0,82,29
83,0,15,0,9,0
32,0,31,0,0,0
0,58,0,0,81,0
0,0,80,17,36,0
0,0,68,0,0,0
0,64,31,0,37,0
72,13,1,0,66,0
0,39,64,0,1,0
0,9,0,0,85,4
0,85,2,0,0,26
23,45,18,0,0,0
0,70,33,49,56,0
86,1,64,0,0,0
9,26,31,0,0,0
89,0,0,54,0,0
99,0,46,0,0,0
33,45,16,0,21,0
89,0,16,0,0,0
0,0,76,0,0,0
45,0,60,50,27,0
93,26,88,0,0,0
0,0,36,0,87,0
59,0,9,89,56,0
0,18,74,0,0,0
0,82,0,80,31,0
0,30,0,93,68,23
0,96,13,0,82,0
0,0,0,0,97,0
0,0,0,0,0,85
0,43,63,0,0,0
86,100,48,0,0,0
11,27,0,0,0,14
0,19,8,0,0,0
0,53,17,0,0,0
33,10,43,0,0,0
89,34,0,0,12,50
0,78,79,0,47,0
0,0,0,0,73,23
44,0,36,0,36,0
28,0,52,0,39,0
30,0,100,0,0,8
0,0,72,0,9,0
7,22,15,0,90,0
26,0,81,0,26,0
0,92,0,0,100,0
0,27,74,0,94,65
59,12,0,0,68,0
84,60,78,0,0,0
73,22,61,0,0,0
65,0,20,0,0,0
0,34,0,0,0,0
17,0,82,0,0,0
74,50,55,0,0,0
0,56,62,0,0,0
51,38,21,93,37,0
0,0,96,0,32,63
0,2,0,96,0,0
29,52,0,0,0,0
75,59,54,0,21,0
94,13,13,0,73,0
91,0,60,0,71,0
0,0,17,0,0,0
33,0,45,0,12,0
0,0,11,0,87,0
98,0,18,0,5,0
85,35,3,0,61,0
0,0,0,0,0,43
74,0,41,44,0,0
58,0,0,0,0,0
26,0,94,0,0,0
0,43,0,0,0,0
21,0,0,0,4,0
91,0,65,0,0,9
36,27,84,0,0,0
86,16,40,56,0,0
99,81,96,0,90,0
97,36,14,0,0,0
0,0,12,0,40,0
0,87,33,0,0,41
0,0,55,0,50,49
0,56,45,0,78,0
57,0,0,0,0,0
81,1,28,46,8,33
0,0,0,88,26,0
53,0,46,0,23,0
58,0,58,0,0,0
9,40,75,0,0,89
0,23,0,0,0,0
0,0,0,0,58,0
3,0,2,0,0,0
3,0,97,0,0,84
22,31,12,0,0,0
0,0,39,0,33,0
75,0,63,0,0,0
37,22,0,0,23,1
0,0,0,0,0,0
39,50,2,0,69,0
26,68,84,0,46,18
38,15,0,0,58,0
74,0,4,82,39,0
19,0,0,0,0,0
78,1,6,0,14,0
10,67,18,0,74,0
0,86,18,0,60,0
0,93,0,0,0,0
0,85,37,0,0,0
0,0,0,0,0,0
88,0,37,0,33,0
61,0,83,0,0,0
0,0,4,0,0,0
2,0,11,0,0,0
0,0,42,0,48,21
70,0,59,0,0,0
34,54,13,0,0,0
0,0,0,0,64,71
65,15,0,0,22,0
0,0,39,0,12,0
0,77,73,0,0,0
4,83,47,0,28,0
11,35,87,0,98,0
0,38,14,0,54,0
30,85,65,96,0,33
59,0,91,0,1,0
15,0,30,0,0,0
65,2,52,0,0,0
0,68,92,0,0,0
0,61,88,89,0,0
33,81,8,0,0,0
0,75,29,0,0,47
83,0,86,0,98,0
2,0,0,0,0,0
70,0,73,95,52,0
0,0,4,0,0,0
1,0,0,0,67,0
46,0,85,0,0,0
0,0,0,59,70,0
24,0,2,61,0,0
0,0,59,0,23,63
57,0,26,0,66,0
0,0,59,0,46,0
61,0,37,0,44,0
61,0,0,0,45,55
91,39,46,0,0,0
0,76,45,0,0,36
0,70,97,3,0,0
86,72,0,1,0,96
66,32,1,0,41,0
0,20,51,0,10,31
70,31,0,0,0,0
47,83,52,0,29,0
84,80,60,0,0,0
0,69,21,0,0,0
0,0,94,0,0,35
22,0,0,48,0,0
52,0,52,0,2,0
0,0,62,0,0,0
72,0,17,0,81,0
74,0,69,0,39,0
0,71,0,0,10,0
57,23,79,0,99,47
16,0,0,0,88,49
17,0,83,0,0,0
80,0,69,0,0,0
14,0,0,0,0,59
20,0,11,0,93,0
0,31,52,0,10,0
33,82,8,0,0,4
40,78,0,0,94,0
0,96,94,0,0,0
0,82,26,0,26,0
0,48,0,0,91,0
9,35,98,0,100,0
29,62,78,0,30,0
0,78,78,28,49,0
5,69,74,0,47,0
88,0,55,0,60,0
0,0,0,0,16,0
0,91,74,0,97,0
0,0,89,0,30,0
0,0,25,0,6,0
38,0,30,0,0,0
0,0,65,0,0,0
0,60,99,48,0,0
88,0,0,91,92,0
37,0,72,0,48,0
11,0,96,0,98,0
0,0,41,0,0,0
43,41,18,0,99,0
30,9,20,0,0,0
73,29,98,0,0,0
92,100,0,0,0,0
0,0,39,0,0,0
13,0,28,0,14,0
0,15,29,0,57,0
57,0,26,95,60,0
0,43,81,0,32,0
70,99,9,26,89,0
85,86,0,0,87,0
82,0,4,0,31,0
8,0,0,0,0,0
67,0,6,0,0,0
98,0,0,0,0,0
86,0,93,0,0,0
0,0,31,0,89,0
0,0,24,0,0,75
0,0,46,0,0,0
7,0,58,0,0,0
23,22,0,20,0,0
0,0,0,0,0,61
51,27,0,0,0,0
0,71,0,0,33,0
0,3,36,0,90,0
0,0,73,0,29,0
41,96,49,0,89,70
26,32,0,93,2,0
6,29,20,0,26,0
0,73,47,0,90,0
39,0,34,0,18,0
22,18,58,0,0,0
39,70,59,0,0,15
13,52,78,0,0,0
63,0,0,0,0,0
0,0,87,0,0,0
0,0,0,0,0,75
6,0,39,0,0,0
74,0,0,0,0,0
45,24,48,0,0,0
0,73,64,0,0,0
0,0,60,0,0,0
3,94,55,0,11,0
36,0,6,55,65,0
63,96,77,0,4,0
0,21,87,0,34,0
64,67,0,0,87,0
27,1,0,0,25,88
62,31,77,0,21,0
1,81,71,0,46,0
30,86,97,0,0,0
84,8,36,0,0,0
0,6,16,0,0,0
0,0,85,0,0,0
67,22,46,0,0,90
0,42,93,0,0,0
100,100,0,0,19,0
0,0,47,0,0,0
0,0,0,0,0,0
20,0,3,0,0,0
0,0,66,0,42,0
0,0,44,0,0,0
30,0,0,0,97,0
11,0,86,46,0,0
0,0,68,77,37,0
84,0,48,0,0,0
49,0,80,0,27,0
26,55,0,0,20,0
0,94,43,0,85,0
70,46,0,0,0,0
6,0,80,0,0,0
0,0,0,0,0,0
61,93,82,0,0,0
31,43,84,0,0,0
0,0,11,0,0,0
46,0,28,0,16,21
0,0,0,0,0,0
29,71,90,0,41,0
0,42,99,21,0,0
40,1,59,0,0,0
19,0,3,0,30,0
21,0,0,0,85,0
75,0,15,47,0,0
0,0,85,0,0,0
0,0,10,0,79,0
0,0,0,0,0,0
49,0,0,91,82,0
24,0,0,0,47,0
0,5,17,0,0,0
91,28,27,0,95,0
76,0,17,0,0,0
65,0,0,0,10,0
0,0,23,0,0,0
0,60,26,0,28,0
0,0,0,0,0,16
65,0,99,0,0,0
59,0,0,0,7,0
0,97,0,0,63,0
65,65,0,0,0,0
60,99,46,0,58,0
73,80,25,0,0,20
12,70,0,0,82,0
10,59,13,0,20,0
0,0,0,0,76,0
0,0,86,0,0,0
0,0,0,0,33,0
75,0,100,0,95,0
0,0,63,0,0,0
0,0,13,0,59,69
0,0,56,0,0,0
66,0,97,0,0,0
0,0,72,0,1,0
79,70,6,0,32,0
0,74,0,0,33,8
0,67,0,0,0,15
0,0,60,0,53,0
0,0,3,0,32,0
0,0,51,0,63,0
16,0,0,0,38,0
0,44,0,0,0,0
63,0,0,0,0,0
0,28,0,0,72,20
65,24,83,0,0,0
3,54,58,0,0,0
0,97,0,0,0,0
44,95,94,87,6,0
17,0,9,0,0,0
70,0,35,0,0,32
0,0,0,0,0,0
0,0,4,0,0,90
62,0,88,0,0,0
98,0,51,0,0,0
61,0,42,0,0,0
0,0,0,0,9,0
0,0,52,0,76,94
40,0,23,0,0,0
0,0,77,0,0,0
32,0,3,0,39,0
32,0,87,0,95,0
65,75,8,0,67,0
19,0,46,54,95,78
92,77,12,0,30,62
18,0,0,0,54,0
0,71,55,0,1,0
19,69,94,0,53,0
76,58,29,0,0,0
100,61,29,0,0,0
13,42,0,0,0,0
42,96,75,0,0,82
74,0,0,94,25,0
0,0,72,0,0,0
0,0,19,0,0,93
0,0,84,26,0,0
0,0,0,83,61,0
0,0,0,0,0,0
3,0,0,99,74,0
0,0,25,0,0,0
0,0,69,0,58,0
36,0,7,0,50,0
0,81,0,0,97,0
0,0,70,0,38,92
96,10,15,17,85,0
95,65,31,0,68,71
58,77,79,0,20,0
96,0,0,0,0,5
75,45,14,0,0,0
72,50,0,0,0,0
0,48,97,0,0,0
38,22,64,0,0,0
77,44,4,0,0,0
23,41,0,0,0,0
8,73,29,0,36,0
0,0,0,0,0,82
48,0,100,80,63,59
0,0,61,0,0,0
0,0,93,0,91,0
0,0,0,0,0,0
19,85,88,0,29,0
69,13,80,0,78,0
83,0,46,0,23,0
0,0,34,0,11,0
0,60,0,0,13,0
89,0,70,0,52,0
0,17,85,36,0,0
0,48,48,0,0,0
35,3,75,0,0,0
16,28,0,0,0,0
30,25,77,0,62,0
30,54,8,0,67,0
90,75,73,0,0,0
86,38,2,0,0,0
81,5,0,0,0,79
0,0,14,0,0,0
85,20,0,92,76,0
78,59,0,0,0,0
0,0,10,0,27,0
0,0,0,0,0,0
0,0,0,0,9,0
0,0,10,0,10,0
39,83,0,0,64,0
50,58,81,0,44,88
7,0,5,0,39,0
33,0,0,75,0,0
0,0,47,0,0,0
40,0,88,0,0,0
0,0,0,0,0,0
64,13,80,0,0,0
50,86,60,0,0,0
100,4,52,0,0,0
3,0,51,0,0,0
85,0,0,0,85,0
84,100,49,99,0,0
0,7,0,0,0,13
4,14,65,0,59,0
65,45,17,0,35,78
49,91,17,0,67,53
81,24,0,0,25,64
0,22,4,0,64,0
36,0,16,0,53,0
61,0,0,24,21,0
14,0,88,0,43,0
41,0,18,0,0,14
0,0,19,0,0,0
51,0,0,0,0,0
0,52,68,0,0,97
73,30,65,52,80,67
52,0,25,0,0,0
0,0,0,30,0,0
0,100,14,0,0,0
96,62,3,0,0,40
0,0,36,0,0,0
100,0,8,0,0,0
96,0,66,0,73,0
0,50,93,0,0,0
0,78,53,0,44,0
0,76,78,0,25,0
2,72,0,0,79,0
73,54,0,0,97,0
49,100,100,0,95,0
64,79,31,0,33,0
100,25,0,0,0,0
0,0,29,0,0,0
44,0,0,1,0,0
23,0,93,0,0,0
0,8,89,0,0,0
28,0,17,63,0,0
10,0,98,0,0,0
83,0,22,0,0,0
26,0,65,0,0,18
0,4,68,0,62,0
25,80,0,0,0,0
33,0,61,0,29,0
0,57,0,0,59,72
62,0,59,0,0,0
41,18,47,0,52,35
0,27,0,0,58,0
0,91,0,0,44,0
0,84,88,96,23,39
31,0,84,0,1,0
19,83,46,54,0,0
0,0,9,0,0,0
29,84,96,0,0,0
58,91,36,0,0,0
68,40,64,0,85,53
31,0,66,0,0,0
0,0,20,0,0,0
6,0,59,0,0,0
0,0,50,41,0,0
0,0,4,0,0,0
0,0,5,0,41,0
100,0,50,0,0,57
0,0,11,0,24,0
55,0,87,0,27,0
69,0,0,0,37,9
86,0,0,0,60,0
56,0,0,0,44,0
0,0,94,0,25,45
40,0,63,0,26,10
44,33,53,0,0,0
0,81,0,0,0,0
20,26,61,0,39,0
0,33,0,0,0,0
0,18,0,4,0,0
0,56,45,0,0,0
91,33,42,94,0,0
35,1,85,0,88,0
0,90,79,0,0,0
80,0,33,9,0,7
0,0,83,79,0,0
0,0,90,1,0,0
0,0,51,0,0,0
0,0,56,0,32,0
25,0,5,0,84,96
79,0,18,0,20,0
17,72,91,0,60,0
0,10,85,0,58,0
55,0,40,0,92,0
0,68,5,0,0,47
50,79,23,0,0,0
89,71,68,0,0,0
75,27,62,0,0,66
0,0,1,0,85,0
0,49,74,0,66,0
0,76,18,0,0,0
38,19,64,0,60,0
0,84,0,0,80,11
0,6,61,0,0,0
0,15,13,0,0,0
0,23,0,0,76,46
0,35,65,0,24,79
27,0,34,0,0,0
2,0,0,0,75,0
97,0,81,0,68,0
44,55,0,28,62,69
40,0,29,0,11,0
0,0,0,0,89,12
40,0,0,0,0,0
0,95,0,39,0,39
69,0,25,0,0,0
28,0,0,0,0,0
82,0,0,0,0,0
0,98,0,0,0,0
68,86,37,0,40,0
0,0,31,0,0,0
43,25,0,0,16,0
67,0,93,0,0,0
1,0,61,0,0,0
7,69,92,0,29,0
0,0,37,1,19,0
0,67,3,0,0,0
0,91,85,0,73,0
3,30,19,0,40,0
0,96,42,0,70,28
0,0,0,0,26,22
18,0,0,0,90,0
0,0,65,0,0,0
0,0,60,0,0,0
0,15,0,0,0,0
13,0,7,0,0,0
0,0,0,0,0,38
16,9,0,0,93,0
52,0,61,0,0,0
2,0,93,54,66,0
0,0,80,0,0,0
0,0,11,0,24,49
0,89,43,0,0,0
16,0,0,0,89,0
0,45,53,0,0,0
38,16,6,0,97,54
8,61,78,0,71,0
4,0,45,0,31,0
0,92,37,0,3,43
20,36,65,70,23,98
0,62,0,0,60,0
92,51,18,0,0,16
0,62,34,100,0,0
15,0,0,0,0,0
0,0,60,0,0,0
100,0,61,0,0,8
95,0,0,0,0,0
55,0,28,0,0,0
4,0,0,0,0,0
0,0,0,15,0,0
44,0,58,0,0,0
51,0,84,0,0,20
24,0,54,0,93,0
0,0,27,0,43,0
0,84,0,0,0,0
52,0,0,0,30,0
28,45,6,0,49,0
11,0,10,0,54,0
1,56,91,61,0,0
90,17,87,0,90,0
0,0,0,59,0,0
53,84,8,0,0,0
0,37,73,0,0,23
0,99,0,0,0,46
19,49,0,0,0,0
65,6,63,0,99,0
12,0,93,0,0,0
50,0,68,0,0,0
5,0,60,0,74,34
86,0,53,0,23,7
7,0,0,0,46,0
32,0,37,0,0,0
38,100,0,0,0,0
0,0,86,0,49,0
0,0,31,0,64,0
44,33,70,0,87,0
0,32,82,0,1,0
26,11,0,0,3,0
0,34,0,0,82,0
0,0,63,0,0,0
89,45,98,0,0,0
0,22,54,0,0,85
0,77,26,0,0,0
80,63,0,0,0,0
40,23,61,0,0,62
0,36,0,0,57,2
35,76,71,0,0,0
81,2,37,21,64,0
0,18,40,0,83,0
0,0,1,0,96,0
0,0,60,0,91,0
0,0,36,0,10,0
0,0,0,0,23,0
80,54,52,0,0,0
96,76,7,3,10,0
22,0,0,0,62,0
32,0,0,0,97,0
68,0,90,0,81,52
0,98,0,0,0,0
14,0,0,0,0,0
29,0,93,0,0,0
91,0,45,0,0,0
76,0,68,0,0,0
0,0,57,0,0,0
14,16,4,0,0,17
13,56,63,0,85,0
95,9,0,0,0,86
42,0,100,0,88,0
0,0,16,0,0,0
75,32,59,0,47,0
0,0,82,0,23,34
0,21,85,0,80,0
91,0,78,0,56,0
0,0,35,0,100,0
0,0,11,0,40,71
0,0,30,0,12,41
82,0,48,0,0,0
94,0,67,0,0,0
0,0,93,0,0,0
90,0,0,0,71,0
0,0,59,0,0,0
0,0,3,42,0,0
13,21,45,97,0,0
52,52,51,0,0,0
20,7,9,34,0,99
80,29,43,0,0,0
37,74,100,0,0,0
52,33,0,0,64,36
0,41,84,0,0,0
0,0,70,0,12,0
0,78,0,0,0,0
39,51,0,0,0,97
30,0,50,0,0,0
1,44,63,0,99,0
0,62,33,74,62,0
0,0,0,0,6,0
0,78,84,0,0,14
29,0,82,0,0,0
0,16,0,0,0,0
45,67,57,0,90,21
72,22,16,0,45,50
0,0,39,0,66,0
0,0,86,0,0,0
13,0,8,0,56,0
0,0,83,0,0,0
56,0,95,0,0,84
85,0,0,0,0,85
75,61,0,44,0,76
55,0,66,0,0,0
0,85,57,90,0,30
40,71,0,0,25,14
26,89,82,0,0,0
78,62,0,0,55,18
0,0,2,0,39,0
72,0,33,58,92,0
50,0,33,0,0,0
0,3,45,0,0,0
0,70,0,0,0,0
35,0,90,85,0,72
16,0,3,72,0,0
69,0,38,0,42,0
43,81,54,0,43,65
36,0,0,0,0,20
76,0,93,0,9,14
46,90,84,0,0,0
0,0,78,0,0,0
0,0,88,0,0,0
11,85,51,0,0,0
38,0,44,0,84,0
67,0,85,0,35,0
0,1,14,77,99,0
22,0,0,0,46,0
15,96,52,0,30,0
76,18,94,0,76,89
0,0,53,0,0,0
98,52,70,0,0,0
0,58,87,0,0,92
0,64,44,0,0,96
94,92,0,0,0,0
79,80,0,23,0,0
0,11,15,0,56,0
0,0,44,20,0,0
41,0,78,0,0,0
0,0,54,0,0,0
69,0,9,0,0,0
80,32,83,0,0,0
97,0,81,0,9,0
0,0,0,0,12,0
90,0,0,0,0,0
46,0,0,0,83,0
37,0,70,0,25,6
14,86,0,0,0,0
58,0,89,0,16,0
91,99,0,96,0,0
0,0,99,0,0,0
49,0,68,0,0,0
0,0,11,0,0,26
0,38,60,0,0,0
91,18,0,0,15,10
91,80,0,0,0,0
67,90,0,0,0,48
13,70,60,0,50,0
0,92,39,0,86,0
50,25,0,0,93,31
42,0,0,0,29,0
25,0,33,0,7,0
6,0,55,0,44,0
22,0,84,0,78,0
43,38,0,47,24,0
0,0,60,0,94,0
0,0,87,0,71,0
69,0,0,0,70,29
0,86,13,0,0,0
0,0,0,0,85,63
45,0,72,0,0,0
0,0,59,98,0,16
30,16,95,0,0,0
15,1,85,0,0,93
81,0,0,0,0,0
40,0,28,0,0,0
0,29,70,17,0,0
0,74,0,0,59,46
7,0,0,0,0,0
15,59,39,0,0,0
0,89,0,0,0,0
29,77,85,0,41,0
67,93,57,0,34,0
25,0,86,0,31,0
9,0,80,0,74,0
74,0,36,0,58,0
0,0,53,61,91,0
24,0,73,0,0,0
19,0,53,74,0,0
90,0,0,0,0,12
89,76,2,0,0,0
78,79,53,0,0,0
62,0,70,0,0,0
0,33,87,0,0,0
0,22,14,0,0,0
0,0,69,0,65,0
35,93,44,0,0,0
0,2,23,0,24,0
0,86,42,0,26,0
0,73,64,0,14,0
64,0,0,0,19,0
0,37,53,0,17,0
16,31,0,0,0,50
92,21,0,0,68,0
19,7,0,26,67,85
6,51,46,48,98,0
0,0,0,0,0,0
21,0,90,0,0,0
19,0,51,9,0,0
0,0,0,0,0,0
76,86,0,0,51,0
58,0,24,0,0,0
63,38,88,0,95,0
8,0,0,0,0,0
84,0,94,0,0,0
2,28,0,0,84,0
0,16,0,0,84,95
42,41,99,0,55,0
79,89,89,0,48,0
0,0,17,0,0,2
91,42,3,0,0,0
0,0,52,83,0,0
4,12,68,0,58,69
0,37,95,0,1,0
0,62,0,0,21,0
76,82,60,0,0,0
34,18,14,0,0,0
70,14,94,0,15,0
58,97,90,0,0,0
0,0,0,0,0,33
0,0,65,0,19,0
33,94,7,0,0,96
99,0,83,0,0,0
0,0,0,6,0,0
0,0,34,0,0,0
0,0,3,22,3,0
0,0,13,0,0,0
91,0,0,89,0,59
0,0,58,0,28,0
67,74,58,0,0,0
0,0,72,0,0,0
34,0,95,0,0,14
0,0,71,0,32,0
9,0,95,38,92,0
0,50,45,0,0,0
33,98,59,0,0,40
0,89,8,0,0,0
40,100,15,95,0,0
78,61,2,0,0,0
93,0,60,0,0,0
36,77,51,0,0,0
33,22,0,0,0,2
0,0,0,0,0,0
52,0,41,0,0,0
0,1,20,0,13,0
27,0,0,0,0,0
16,0,3,0,61,0
50,0,75,0,0,0
0,0,27,0,68,5
0,0,0,0,100,0
46,0,90,0,34,0
0,0,97,0,15,28
49,0,0,0,37,7
14,99,54,0,0,0
0,0,3,0,0,92
38,0,0,0,0,0
75,0,0,0,0,0
0,0,95,0,51,31
0,26,0,35,57,0
76,23,53,0,89,0
42,27,0,0,48,75
6,0,29,0,67,4
89,20,85,0,54,0
83,18,26,0,0,0
48,20,89,0,0,7
48,0,52,0,0,0
0,0,0,0,5,0
21,0,85,0,37,0
0,0,42,0,60,0
72,0,65,0,48,56
0,0,0,0,0,0
57,61,0,0,64,0
0,0,27,0,0,0
0,0,0,0,0,0
8,44,68,0,0,0
21,0,50,0,0,0
98,0,0,0,0,37
38,0,0,0,0,0
42,86,34,0,14,0
0,8,30,24,83,0
32,99,20,0,94,0
0,19,0,0,0,0
16,23,0,0,15,12
0,6,0,0,42,0
0,68,72,0,17,0
29,77,85,0,19,12
52,39,0,0,26,0
74,0,57,0,96,0
46,0,0,0,53,0
7,0,10,0,83,0
28,0,0,0,67,0
34,0,0,0,0,0
71,0,0,0,0,0
12,0,70,0,53,0
0,0,23,0,62,19
0,77,97,97,0,13
16,91,92,0,0,14
6,0,0,16,0,0
17,97,90,0,0,79
0,14,65,0,0,37
19,47,38,0,0,0
0,53,73,0,81,0
0,64,100,0,0,0
27,0,38,0,0,0
0,43,77,0,27,0
61,92,0,0,16,0
95,0,0,0,0,0
0,49,0,0,59,0
0,52,0,72,44,0
83,72,0,0,27,0
0,48,0,0,0,0
5,0,0,0,0,0
0,0,0,0,0,39
100,0,0,0,0,0
17,0,12,0,29,0
0,0,55,0,0,0
0,0,5,0,0,0
29,0,10,0,56,0
0,0,28,0,0,100
0,3,17,82,82,32
14,0,52,0,0,0
3,0,33,53,28,0
74,0,99,0,59,63
0,0,0,0,20,0
0,3,2,0,4,47
0,76,14,0,18,0
74,0,1,0,77,0
34,15,17,0,61,0
45,50,0,0,47,0
66,99,62,0,0,0
53,5,0,0,0,0
0,0,29,23,0,0
0,63,24,0,0,0
57,10,0,0,0,34
55,0,36,0,58,72
0,0,47,0,0,0
0,0,70,0,0,0
77,0,35,0,20,0
0,37,48,0,0,0
65,0,81,0,0,92
0,82,44,0,47,0
0,0,28,6,0,0
0,0,23,0,31,0
51,0,45,0,38,38
0,80,80,0,17,0
35,90,0,0,54,0
90,0,0,0,66,0
27,0,17,0,45,70
0,78,73,0,0,0
36,41,61,80,0,44
0,16,0,0,0,58
10,41,64,0,0,0
3,22,56,0,0,26
0,90,12,0,0,0
11,56,5,0,0,0
0,5,0,0,5,0
0,54,0,0,0,0
44,0,0,32,0,6
0,0,93,0,0,0
83,0,0,0,0,0
0,0,91,0,0,0
0,0,45,0,50,0
77,0,71,0,0,0
57,58,58,0,7,0
91,0,0,0,53,0
18,0,40,0,89,0
16,0,0,0,73,0
22,0,48,0,0,0
0,19,89,0,0,0
67,20,47,0,0,40
63,2,30,0,0,0
19,0,23,0,0,0
81,0,95,0,25,0
6,53,0,0,0,0
0,13,13,0,3,0
0,24,43,0,0,0
72,99,41,0,0,0
0,99,15,0,51,0
0,41,16,0,0,0
25,2,70,65,0,0
74,0,0,0,77,49
92,0,82,0,11,0
66,0,30,0,19,0
29,0,0,0,43,0
73,0,61,0,62,0
77,0,48,0,57,95
83,0,29,0,0,0
47,0,66,0,0,58
56,0,89,0,0,0
0,7,0,0,0,0
0,0,55,0,0,0
90,0,0,0,27,0
28,0,0,0,46,0
2,26,60,0,0,0
27,27,1,0,45,0
15,97,70,0,0,0
19,90,70,0,94,0
43,92,73,17,0,0
0,30,0,92,34,0
13,77,92,0,0,0
0,0,0,0,0,0
31,59,93,0,0,0
0,60,26,0,84,0
51,0,22,0,95,0
0,0,66,0,73,0
0,0,0,0,0,94
40,0,45,16,0,0
17,0,16,0,0,0
0,31,44,0,0,0
0,44,79,0,75,0
45,0,97,95,0,0
84,0,24,0,0,0
93,6,49,0,0,0
35,0,30,0,0,0
80,0,21,0,0,0
17,70,40,0,88,26
12,0,35,0,0,0
7,0,62,0,0,14
0,50,0,0,93,53
0,99,39,0,52,0
0,97,4,60,86,0
56,81,69,4,72,0
91,16,95,0,42,0
61,0,0,0,50,0
16,0,5,0,0,0
25,76,0,0,0,0
2,0,0,0,0,0
7,0,4,0,58,0
61,96,0,0,0,14
61,0,5,0,0,0
7,0,43,0,0,0
0,0,83,0,0,86
76,0,0,0,15,65
64,35,100,0,96,97
5,52,2,0,0,0
17,38,0,0,0,0
0,84,28,0,93,0
71,0,0,0,62,0
98,0,2,0,0,0
80,0,0,23,87,0
0,54,50,0,7,67
19,81,0,0,0,9
0,55,0,0,8,0
95,50,63,0,0,0
43,0,82,100,92,0
46,40,0,0,0,0
64,93,96,0,0,0
0,25,60,0,0,0
80,93,0,58,0,0
76,0,81,0,0,0
0,0,65,0,0,0
0,0,85,0,10,94
0,0,58,0,0,0
0,0,0,0,0,0
38,0,55,0,43,0
85,50,1,35,15,0
53,0,1,0,42,0
11,0,84,0,51,62
21,36,78,0,0,0
0,0,76,0,6,0
18,82,11,0,37,60
39,38,60,0,100,0
11,0,0,0,0,0
0,42,76,27,0,0
83,0,83,0,0,1
0,76,4,0,0,0
14,2,18,0,0,0
52,47,0,0,0,0
25,44,51,0,0,0
0,29,88,0,60,0
88,48,60,0,59,0
0,33,67,0,0,0
0,0,0,0,0,0
0,69,25,0,0,0
0,0,95,0,75,0
77,0,89,31,50,22
0,0,0,0,0,0
23,0,81,0,67,0
0,0,0,0,83,0
0,0,60,0,97,0
0,0,62,0,66,0
0,0,0,0,0,0
72,53,18,76,0,0
17,0,0,0,30,0
0,85,0,0,0,0
0,40,0,0,0,0
0,35,0,0,69,0
52,85,100,0,67,0
0,93,0,0,0,29
75,62,18,0,0,0
75,94,17,86,13,0
96,90,46,0,15,0
0,81,26,0,87,0
81,0,0,0,0,76
0,50,34,0,34,0
74,0,71,0,16,0
0,0,26,0,66,27
0,0,0,48,68,0
79,0,5,0,88,0
89,94,100,0,30,0
62,0,58,0,0,0
88,0,52,0,0,0
0,84,55,0,0,0
0,0,82,0,0,0
66,63,0,0,0,0
0,0,52,0,0,87
62,0,44,0,0,93
0,0,0,0,0,0
0,70,50,0,0,0
0,39,9,0,0,0
50,96,13,0,0,0
15,19,71,0,53,0
64,0,0,0,43,0
0,57,0,0,82,33
0,95,59,0,0,23
33,0,0,0,58,0
4,0,3,0,21,60
0,29,2,59,10,0
0,0,0,0,1,0
100,0,47,0,0,67
0,0,0,0,0,0
0,0,54,0,59,0
91,35,18,0,78,0
81,85,99,32,0,0
16,0,100,0,0,0
40,0,2,0,26,36
21,0,30,0,27,0
0,17,0,0,73,0
0,0,73,0,0,0
24,0,10,0,0,0
17,0,0,0,0,0
0,0,0,0,36,0
63,80,0,0,23,0
0,0,4,0,60,4
0,30,31,22,89,0
0,0,2,0,43,0
80,46,22,0,0,80
18,31,24,15,28,0
32,6,0,35,0,0
0,37,0,0,0,0
0,5,76,0,0,1
92,0,0,0,0,0
0,0,8,84,0,0
40,0,5,0,0,0
30,18,18,0,38,0
0,0,0,0,0,41
10,0,58,60,0,0
60,28,79,8,0,0
50,0,71,0,0,0
88,0,42,0,66,0
0,0,79,0,0,0
0,55,0,0,18,0
0,57,18,0,0,68
0,0,0,0,38,15
0,78,58,0,84,86
0,0,96,0,44,0
0,26,39,0,54,0
0,2,49,0,0,0
60,58,35,0,0,0
63,0,92,0,0,0
42,0,97,42,0,3
8,0,43,0,2,0
0,65,27,0,0,37
0,23,2,49,0,50
0,0,4,0,0,0
0,0,82,0,0,0
36,0,0,0,0,0
0,3,84,0,16,0
57,0,0,0,47,0
82,61,28,0,0,0
0,46,73,0,39,0
96,0,0,0,77,0
42,0,6,0,99,0
57,0,68,0,28,0
49,87,35,0,23,0
0,59,0,0,56,0
39,14,0,0,0,0
0,87,0,0,0,0
70,79,99,0,0,0
0,0,94,0,0,0
59,19,0,0,0,0
50,22,76,0,0,21
92,22,64,0,0,0
3,40,0,0,0,0
0,12,24,0,53,0
13,51,59,0,6,0
0,66,58,0,0,24
11,0,42,0,31,0
0,1,0,0,88,0
85,0,70,0,0,0
81,0,28,0,0,0
0,0,24,0,0,0
0,0,93,0,62,0
64,0,1,0,60,22
77,19,49,80,3,0
0,7,0,8,0,95
0,57,55,0,0,0
92,10,15,0,91,75
33,0,69,0,0,22
0,61,77,0,0,21
90,78,90,0,0,0
25,64,9,0,0,0
0,99,19,0,0,8
32,70,19,0,23,69
70,70,80,0,0,0
55,83,25,0,17,0
0,81,61,0,0,12
42,84,89,0,21,0
68,94,0,0,28,0
56,9,0,0,19,14
10,0,27,0,76,0
45,0,80,0,39,0
98,0,0,0,89,0
0,0,0,0,78,0
40,0,41,0,0,0
84,0,39,0,0,0
83,47,0,0,0,0
0,0,6,0,0,0
18,0,44,0,0,0
0,0,14,0,0,0
0,0,7,0,98,0
0,0,57,0,90,0
0,78,74,0,61,0
0,57,0,0,98,0
44,0,48,0,0,0
88,0,0,0,0,0
91,96,0,99,93,0
22,2,0,0,0,0
0,0,15,0,83,87
0,37,25,0,0,0
0,32,14,0,74,0
75,26,0,0,29,0
0,11,69,0,59,0
0,0,42,0,0,0
73,0,0,0,0,0
13,0,39,0,0,0
72,0,78,0,0,0
0,0,0,0,92,0
44,36,100,0,2,0
60,0,14,0,0,0
39,0,0,0,6,0
78,0,3,0,47,0
0,44,40,0,68,98
0,12,50,0,4,0
84,26,0,0,0,0
0,41,0,0,24,0
91,0,82,0,38,0
0,60,0,0,0,0
20,62,91,0,95,35
13,25,0,0,30,0
30,36,0,0,25,0
1,60,16,0,35,0
20,53,85,0,0,0
0,89,23,23,0,0
0,72,76,0,14,0
76,16,0,0,0,51
99,0,22,0,0,92
0,38,8,0,79,42
12,0,70,0,0,4
0,0,51,0,0,0
54,59,76,52,71,0
0,0,26,0,95,0
0,0,3,0,0,0
0,0,32,0,4,0
32,0,0,0,0,7
81,16,26,4,0,0
53,0,71,0,95,0
46,0,78,0,64,0
0,0,54,70,39,0
43,57,0,0,21,0
0,97,65,0,44,0
47,0,0,0,0,0
10,0,18,0,0,0
0,46,32,33,39,0
55,61,99,0,0,76
99,0,54,67,0,0
0,36,72,0,64,0
0,74,94,0,52,0
82,70,0,0,0,80
0,0,0,0,0,0
0,0,94,0,4,47
96,0,0,0,0,0
3,0,44,0,0,0
10,3,0,0,0,0
31,0,95,46,0,0
0,0,97,0,64,0
0,0,0,0,40,0
86,69,2,0,13,0
70,95,81,0,0,37
88,0,33,0,11,0
63,14,0,0,0,0
0,53,0,0,0,0
0,17,79,0,0,0
62,4,3,57,0,0
34,100,0,0,0,0
0,18,0,0,15,0
19,41,0,0,0,68
12,89,56,0,0,0
0,63,0,0,55,0
71,0,68,97,0,47
5,96,8,0,0,18
10,62,36,0,0,5
0,0,57,0,5,0
0,81,44,0,0,88
0,0,70,0,26,0
96,0,42,0,86,0
94,0,24,0,79,17
55,52,8,0,40,0
0,96,86,0,5,0
60,0,0,0,0,0
12,0,46,0,0,0
0,0,0,0,64,0
97,63,0,0,86,81
0,96,52,0,0,0
68,0,85,0,0,0
47,0,59,0,0,0
11,38,77,0,0,0
28,0,0,0,0,87
0,29,33,0,0,0
0,0,91,0,62,0
56,77,48,0,0,0
79,10,44,0,82,0
61,42,26,0,0,0
0,82,0,0,9,12
8,95,39,0,98,0
40,0,3,0,63,0
0,0,65,47,94,0
19,0,33,0,49,0
99,0,83,0,0,0
62,0,88,0,56,0
0,0,11,0,0,0
0,0,81,0,0,0
3,78,0,0,78,0
53,40,99,0,0,0
0,0,100,0,0,0
0,0,8,0,0,0
96,30,8,0,25,0
3,79,52,8,0,0
31,35,82,0,0,0
0,5,39,0,63,0
0,40,0,0,9,0
27,52,29,0,80,0
80,55,18,0,29,86
9,64,0,0,0,0
0,93,19,0,41,0
0,0,57,0,62,0
13,73,0,0,67,0
0,78,28,0,0,0
0,0,0,0,0,32
78,0,0,92,0,0
0,0,85,0,0,0
88,0,0,0,0,0
0,78,0,0,59,0
82,0,71,0,28,0
0,0,0,0,0,0
98,89,21,76,80,0
13,0,0,0,37,0
0,0,62,0,11,0
27,0,0,0,0,0
95,0,46,0,33,0
0,0,23,0,63,0
59,81,0,0,32,0
25,0,44,0,66,0
0,46,64,0,60,0
75,84,59,0,16,0
0,97,27,68,52,36
0,0,57,0,0,79
33,61,63,4,0,0
0,74,0,0,0,0
99,89,76,0,0,0
78,99,0,0,0,0
3,0,32,0,0,65
95,0,37,0,0,0
53,0,100,0,0,0
36,0,0,0,79,0
70,100,0,0,0,0
0,0,48,0,0,0
33,0,74,0,0,81
0,0,86,0,75,0
0,30,0,0,22,10
44,10,0,0,22,0
80,29,0,0,76,0
0,39,0,0,92,0
0,13,0,0,0,0
0,49,99,0,38,0
52,0,27,0,0,0
0,0,88,0,0,0
0,30,0,38,0,43
0,0,35,0,0,0
0,59,94,46,0,0
0,29,80,0,97,0
51,21,38,0,85,0
0,64,0,0,31,46
61,21,88,0,60,7
0,0,40,0,18,0
45,0,0,0,0,0
32,0,26,0,0,0
27,0,0,0,58,0
0,0,0,0,1,0
0,0,0,0,15,0
26,0,96,0,15,0
0,0,0,0,32,0
11,0,0,0,12,0
21,79,71,0,14,0
0,0,61,0,0,95
0,0,76,0,0,0
0,51,84,0,0,0
45,22,65,0,0,0
58,89,74,0,0,80
40,23,92,0,0,0
12,25,0,0,80,73
0,68,0,0,0,0
6,0,95,0,0,38
13,41,71,0,0,0
24,0,39,0,0,0
0,74,41,0,0,0
8,66,0,0,0,0
73,0,0,0,95,0
91,0,97,98,26,32
0,0,17,0,0,0
0,0,0,0,49,19
0,0,71,0,97,85
28,0,73,0,97,69
0,0,74,0,0,89
89,0,63,0,0,0
0,70,53,0,0,0
80,63,55,0,0,0
72,0,0,0,0,51
4,0,90,0,0,0
42,0,11,0,0,91
3,4,48,0,86,0
52,0,0,38,0,40
0,7,20,0,78,0
63,49,73,0,0,0
60,89,62,0,30,0
39,0,77,0,54,0
0,81,1,0,63,0
0,60,99,0,0,0
0,71,40,0,9,0
0,10,54,0,46,0
81,0,33,0,45,0
0,59,18,11,55,0
0,0,60,0,0,0
46,0,77,16,0,0
0,0,30,0,0,0
71,27,68,0,0,18
0,0,91,0,0,0
0,100,3,0,71,0
0,97,52,69,0,44
27,0,43,0,3,0
96,54,12,0,0,0
2,51,37,0,87,0
0,63,89,0,0,0
0,0,40,0,0,0
60,69,99,48,65,0
65,0,45,0,0,0
0,26,81,0,24,0
68,96,66,0,28,0
0,33,90,0,3,0
63,24,97,0,85,0
0,7,75,0,15,43
0,0,52,0,0,62
0,70,0,0,0,0
0,0,59,0,0,0
2,0,0,0,0,38
0,0,0,0,0,92
51,0,0,0,4,0
89,0,78,0,1,0
72,15,98,25,89,0
0,0,78,0,0,0
99,73,0,44,0,0
0,0,19,0,3,14
0,0,0,0,38,0
0,98,44,0,83,8
0,0,5,0,21,0
0,81,6,0,33,0
0,61,62,0,99,43
41,0,0,98,66,56
74,59,48,0,69,0
45,69,68,38,28,0
0,0,80,0,0,0
30,66,38,0,0,60
0,89,82,0,0,46
13,33,0,0,0,0
81,39,64,0,0,74
14,1,56,0,76,0
21,0,86,0,0,76
0,0,34,0,0,0
76,0,44,12,61,0
79,94,0,0,0,0
0,0,0,0,0,0
22,0,0,23,0,85
0,0,0,0,65,0
58,0,0,0,45,58
0,0,69,0,0,0
100,0,95,0,58,0
0,91,66,0,0,0
0,95,43,0,58,0
18,0,0,0,89,0
49,98,72,0,0,0
82,19,49,0,0,83
76,16,72,0,0,0
0,87,19,0,0,0
2,1,0,0,0,0
0,79,0,0,0,20
66,78,25,0,0,0
34,65,56,0,0,0
21,2,72,0,0,0
53,38,0,0,0,0
25,0,0,0,15,0
76,0,0,0,0,0
0,0,55,0,9,0
77,0,0,0,3,0
61,0,94,0,85,0
0,28,21,0,13,0
33,0,0,0,45,0
18,0,0,0,4,0
15,0,78,14,92,0
15,0,69,0,0,0
8,0,46,0,0,0
44,90,26,0,0,0
22,0,0,0,0,15
0,0,64,0,0,34
0,0,63,0,0,7
78,12,0,0,0,0
75,51,30,0,0,0
0,43,91,0,0,0
0,65,7,85,29,0
54,95,27,0,0,0
36,73,12,0,0,0
0,59,0,0,0,0
14,95,66,0,29,0
26,0,72,0,82,0
52,0,0,0,55,0
92,0,23,0,64,0
33,34,79,0,8,7
34,0,80,0,60,0
0,0,74,0,0,0
90,0,88,0,0,0
0,6,13,0,11,4
0,0,90,0,0,0
0,0,91,0,0,0
0,51,33,0,0,18
85,0,0,65,0,0
0,0,0,0,29,52
0,98,69,0,0,0
0,2,94,0,97,0
18,14,0,0,13,19
45,92,94,0,6,0
24,100,0,0,0,0
0,0,0,0,0,0
8,25,99,9,9,0
0,0,30,0,85,0
49,7,77,0,27,0
0,78,13,0,89,0
100,0,0,0,98,0
0,0,37,0,0,0
32,0,22,0,0,0
28,0,0,0,0,0
94,0,88,0,0,0
69,0,0,0,0,0
29,38,0,0,0,38
0,0,98,0,18,100
23,15,8,0,0,0
35,0,28,0,0,91
3,75,49,0,0,0
13,0,12,0,59,0
39,0,79,0,0,0
0,53,83,0,89,0
40,0,0,0,33,0
0,25,39,0,0,0
78,100,0,0,58,0
0,0,98,0,51,0
49,68,62,0,32,0
50,86,94,0,90,0
9,0,79,0,0,0
59,67,0,0,0,0
0,8,0,0,0,38
23,0,88,0,0,0
0,0,0,0,65,0
0,0,0,0,59,0
90,0,36,0,20,0
95,0,17,0,0,0
99,0,76,0,0,0
0,0,59,0,0,0
56,0,0,0,0,0
43,0,0,0,49,0
68,0,32,0,83,0
78,35,10,0,69,0
0,0,67,0,0,0
0,0,68,0,16,0
0,94,27,0,0,30
52,1,29,11,57,100
81,44,5,0,55,0
41,83,32,0,0,0
0,29,0,0,0,0
74,16,25,0,0,2
0,80,82,0,0,0
0,21,13,0,0,0
0,70,15,0,25,0
23,5,5,84,0,39
56,0,40,0,0,48
34,0,37,0,0,0
0,0,53,9,0,24
5,59,59,0,97,0
73,0,95,0,53,5
1,15,33,86,0,0
0,30,0,0,85,0
0,0,66,0,0,18
0,0,55,0,32,0
0,0,0,0,10,0
23,21,0,0,83,0
96,0,5,0,16,0
0,0,8,0,0,0
46,0,0,0,0,0
49,73,5,0,10,0
94,95,81,0,0,0
75,58,51,0,0,96
0,0,53,0,0,0
87,0,0,0,0,0
16,14,49,0,0,0
0,0,0,0,57,0
78,0,28,0,86,0
1,97,86,0,0,0
9,0,53,0,0,0
0,0,0,0,6,0
42,0,2,0,56,63
0,0,11,45,75,0
19,0,0,0,26,0
0,16,0,0,50,0
37,0,38,0,93,0
0,0,0,0,17,0
60,14,36,0,0,0
0,25,64,0,38,0
85,54,0,0,0,79
0,77,0,0,61,0
0,39,0,21,0,0
47,34,41,0,0,0
38,10,29,0,0,0
30,11,87,0,30,5
76,95,15,0,84,0
92,99,27,0,98,17
0,80,3,0,87,0
98,0,29,0,59,84
0,54,0,0,21,0
0,79,0,0,80,38
0,30,0,12,0,0
68,0,1,0,0,0
50,0,86,0,75,0
8,0,12,0,67,0
67,0,0,0,9,51
7,0,8,0,0,0
88,18,55,0,0,100
23,0,81,0,0,0
32,0,0,0,70,2
20,12,0,0,0,63
94,70,25,0,0,0
0,44,98,0,0,0
0,0,95,100,0,15
0,95,40,0,75,0
0,11,31,0,0,0
0,0,0,0,69,0
0,0,0,0,1,0
0,87,16,0,56,0
54,46,63,2,0,0
88,77,0,0,92,0
0,60,0,55,0,0
0,0,0,0,75,0
0,100,48,0,100,54
6,53,40,0,99,7
0,0,39,93,0,0
0,0,71,0,0,0
0,0,18,53,0,88
60,0,83,0,94,0
56,0,15,0,0,0
0,0,11,0,0,0
15,0,40,0,0,0
93,0,49,0,0,0
35,0,83,0,0,0
13,0,67,8,85,0
62,0,14,0,41,57
0,77,0,0,0,0
37,44,44,0,80,0
69,0,68,0,0,0
0,0,57,0,0,0
85,51,31,64,85,0
81,0,17,0,71,29
91,0,0,0,55,0
0,7,65,0,35,0
28,14,84,0,0,0
100,50,16,0,0,0
41,98,77,0,0,89
58,73,86,0,0,88
0,0,54,0,0,0
45,0,0,0,0,0
25,0,59,0,0,0
0,0,51,0,0,0
71,0,20,0,0,0
0,0,0,0,0,0
58,0,38,0,13,5
0,0,9,0,0,67
70,7,14,0,0,0
46,0,94,77,48,0
84,75,47,0,60,80
0,33,0,0,18,0
44,71,10,0,0,0
0,0,30,0,13,0
0,71,4,0,51,0
67,92,44,0,0,0
42,77,60,0,0,14
0,32,14,0,0,66
0,90,0,0,0,0
84,60,40,0,0,0
45,96,14,0,0,0
80,41,0,0,19,0
14,15,37,0,0,59
56,0,33,0,44,0
0,0,73,0,0,0
75,0,0,0,78,0
0,59,12,0,78,0
0,0,65,0,72,0
56,87,0,0,42,64
57,0,0,0,0,0
15,0,0,0,63,0
0,0,0,21,57,0
76,0,92,0,52,0
0,0,53,0,96,0
23,80,86,0,0,0
79,31,0,30,68,0
0,94,85,0,0,0
88,0,0,0,0,0
49,52,60,0,0,72
0,0,66,0,18,0
0,4,0,0,0,0
65,84,0,0,0,0
47,61,0,0,86,98
74,64,91,0,0,0
48,51,0,0,0,0
23,83,17,0,0,22
37,0,0,0,0,0
0,0,5,0,63,0
0,0,62,0,9,0
94,0,86,0,56,0
77,0,0,0,90,0
86,0,0,0,63,0
0,0,73,0,33,0
0,0,32,0,0,0
0,28,94,0,0,0
13,17,34,24,73,0
88,0,22,0,0,0
0,69,88,0,0,0
41,0,0,0,0,0
0,94,83,0,0,0
23,0,0,0,0,0
44,90,77,76,8,0
91,4,0,0,0,0
66,0,97,0,0,0
72,68,60,0,0,0
77,0,0,0,59,0
0,39,0,0,0,0
49,20,32,0,56,0
0,21,33,0,19,0
45,0,0,0,60,0
60,0,52,0,7,0
0,0,71,0,89,0
74,0,0,0,0,0
87,0,47,1,0,0
34,0,26,0,0,0
0,0,18,0,0,0
0,0,0,85,0,0
0,0,97,0,0,0
0,31,8,0,0,25
0,0,87,0,0,16
0,0,0,0,0,0
16,0,0,0,21,37
0,5,73,0,45,0
0,43,0,21,0,0
90,0,0,0,6,0
63,69,21,0,47,0
0,43,20,0,53,0
0,4,0,0,92,0
96,73,12,0,40,0
41,46,88,0,74,0
0,20,87,0,54,0
0,26,26,0,0,0
81,0,71,27,0,66
96,0,0,0,0,0
42,0,0,0,0,12
0,0,0,0,0,0
65,0,0,0,0,0
0,0,70,0,0,1
0,0,0,0,0,0
7,0,0,0,0,0
7,60,25,0,36,0
0,0,73,0,100,0
0,0,0,0,87,28
0,66,0,0,3,0
54,0,93,0,0,0
0,32,44,62,19,57
0,69,0,0,1,0
57,22,91,0,17,0
0,7,24,0,0,84
69,28,71,0,47,0
81,55,19,0,0,0
0,93,20,0,0,60
0,80,0,0,0,0
61,41,0,0,69,0
97,52,65,0,0,0
0,0,28,0,0,0
0,0,0,0,0,42
84,0,15,0,0,0
3,0,52,0,0,0
0,0,40,0,1,0
27,0,75,0,0,0
81,0,0,0,88,87
86,0,40,0,0,0
31,47,47,0,86,29
72,70,67,31,72,86
6,26,54,0,61,0
59,41,0,0,96,0
0,0,67,0,80,0
0,51,32,0,59,0
0,89,0,0,0,0
0,0,68,0,0,27
47,48,70,0,0,0
0,85,29,0,0,0
44,0,61,0,96,0
99,54,81,0,0,0
20,94,0,0,0,0
39,50,42,0,0,83
21,43,43,0,93,0
0,0,0,0,7,80
0,78,99,0,0,0
1,6,18,0,76,0
20,0,27,0,0,0
0,15,69,0,87,0
0,0,0,0,73,0
95,0,0,0,87,94
61,16,94,0,98,0
3,0,0,0,61,58
0,17,43,0,79,65
0,59,34,0,0,0
0,54,61,0,0,0
82,90,48,0,0,0
0,16,0,0,0,0
36,86,0,0,98,0
44,46,0,0,0,0
0,29,66,0,0,0
7,91,0,0,0,0
66,19,0,0,0,0
0,38,39,0,0,0
0,94,0,0,0,57
2,62,10,0,0,0
0,38,0,0,0,86
79,0,50,0,93,52
47,0,70,0,0,0
0,0,87,0,26,0
0,0,40,0,7,0
89,0,0,0,88,0
86,76,41,0,46,0
0,0,18,0,0,0
95,11,67,0,0,0
55,0,96,0,0,0
52,0,27,0,42,0
46,66,0,0,0,0
0,0,44,0,0,0
0,62,0,0,0,0
0,28,0,0,0,0
62,88,0,0,0,17
84,21,84,0,0,0
87,13,62,0,0,0
0,48,89,0,0,61
77,0,62,0,0,0
1,16,82,0,0,0
0,27,10,0,63,0
0,0,0,0,12,0
76,83,53,0,75,0
33,0,0,0,93,18
10,0,70,0,79,4
56,0,0,96,0,0
0,27,2,0,0,0
63,0,82,0,0,0
22,0,25,53,0,0
74,0,0,0,0,40
39,0,10,0,29,0
0,17,98,0,0,0
73,0,15,0,0,0
87,20,69,0,72,0
55,95,0,0,45,97
0,17,74,0,7,0
10,0,81,0,100,0
0,49,36,0,67,0
37,8,8,0,53,62
99,3,61,0,33,89
71,9,59,0,10,0
0,60,5,0,7,0
0,68,40,0,61,0
0,55,0,0,36,0
4,70,0,0,0,89
26,79,0,0,0,0
0,0,0,0,0,0
33,0,38,0,0,0
0,0,0,0,48,0
0,0,0,0,0,0
92,0,69,0,0,0
0,0,82,0,0,0
76,0,53,24,0,94
64,0,88,0,51,0
0,0,66,0,0,0
0,0,80,0,0,0
63,33,26,0,90,0
0,0,0,0,37,0
14,13,4,73,0,70
97,10,50,0,32,0
0,0,83,0,13,0
61,19,0,0,0,0
0,56,74,0,9,0
95,35,79,0,0,56
0,87,0,0,0,0
83,15,84,0,0,0
37,8,31,0,0,0
0,94,30,0,0,0
36,45,97,0,34,91
0,0,87,0,0,0
91,0,19,0,68,0
89,0,76,0,29,0
0,0,30,54,97,0
0,0,2,0,9,0
0,0,3,0,0,0
8,83,0,0,22,0
0,0,84,0,56,0
0,0,13,0,0,0
27,17,38,57,75,0
54,0,68,0,40,0
56,0,6,20,79,0
94,42,82,0,14,0
8,0,0,0,0,0
58,0,87,4,0,0
0,90,19,0,0,0
0,43,23,0,0,0
36,0,0,0,0,80
50,41,23,0,0,0
30,60,23,0,0,64
19,85,22,0,95,0
94,36,87,60,0,0
45,47,89,0,39,0
35,0,90,10,0,57
0,0,11,0,46,0
69,0,19,0,0,0
0,0,34,0,0,0
0,0,0,0,32,0
0,0,85,0,6,0
3,13,46,0,0,0
69,16,96,8,4,0
22,0,89,0,57,0
0,0,90,0,0,72
0,51,84,0,0,0
0,0,14,47,0,0
14,38,53,0,0,71
73,55,50,0,0,0
43,0,3,97,39,0
46,0,0,0,11,35
0,19,24,0,90,0
96,2,61,0,65,0
0,38,94,0,0,0
0,37,98,0,0,0
0,0,41,0,76,0
24,28,71,0,0,0
59,8,95,93,0,21
0,0,0,0,44,0
43,0,59,0,0,97
0,0,40,0,55,0
46,0,77,0,4,89
0,0,30,0,70,0
55,0,80,0,0,0
49,0,0,0,0,0
0,84,69,0,0,0
91,3,58,0,0,0
0,0,0,0,0,0
73,0,25,0,0,0
26,0,66,0,0,0
78,0,0,0,0,60
82,0,98,0,0,0
99,89,66,0,0,0
0,84,25,0,0,27
43,0,19,0,0,74
1,0,0,0,98,0
25,0,0,0,54,0
14,65,5,0,14,0
0,3,50,0,35,4
0,46,54,0,63,44
17,43,47,32,37,0
52,0,0,0,12,0
16,0,8,0,0,0
71,0,0,0,0,18
0,58,19,0,0,0
0,0,0,0,0,0
70,10,0,0,0,35
0,0,39,0,0,0
61,0,46,52,16,0
3,25,10,0,51,0
23,0,0,0,0,0
0,0,26,0,87,0
0,0,94,0,24,0
51,59,0,0,0,100
52,25,70,0,73,0
31,48,70,0,81,0
0,97,31,0,0,0
0,34,42,0,75,0
0,0,0,0,9,0
72,34,66,0,78,0
0,0,76,0,68,64
0,63,71,0,0,0
81,65,0,0,0,72
3,83,28,0,0,0
57,0,40,0,0,0
0,0,15,0,0,0
45,0,41,0,0,0
29,0,0,0,0,0
78,0,0,0,0,13
0,0,69,0,0,0
40,0,5,0,0,0
0,0,27,0,2,0
89,0,0,0,0,0
27,0,0,0,78,0
93,75,37,0,50,43
0,0,15,0,1,0
23,0,50,0,93,0
75,0,17,0,0,0
0,3,0,0,24,0
0,64,0,0,0,0
0,60,40,0,0,0
69,0,66,0,0,0
0,0,97,0,0,0
0,88,11,0,0,0
0,67,10,0,31,0
0,12,39,95,0,0
0,18,3,0,0,0
14,0,0,0,83,0
0,0,91,0,0,0
7,0,57,0,0,41
20,0,64,0,65,0
45,0,4,0,6,0
18,0,0,20,0,0
92,48,10,0,0,0
0,17,0,0,2,0
93,0,0,0,87,0
87,0,91,0,83,21
0,0,80,0,55,0
93,0,64,0,7,0
0,0,94,0,0,0
3,1,1,73,0,0
0,9,55,0,0,0
0,19,0,0,0,0
0,34,0,0,0,0
0,94,0,0,99,0
0,9,0,0,0,0
0,43,63,0,0,0
0,75,18,0,0,0
0,91,49,0,22,0
0,95,66,0,0,0
46,0,0,0,0,0
0,0,21,0,0,0
9,0,0,0,55,0
62,0,38,0,0,77
0,0,7,0,6,0
36,0,0,42,91,0
0,0,0,0,86,0
0,0,0,0,26,0
74,34,0,0,0,85
34,86,0,0,0,0
67,0,0,0,0,11
82,81,24,0,0,0
72,58,0,0,0,0
0,92,15,0,80,0
47,41,17,0,18,0
0,79,0,0,0,0
0,48,69,0,0,0
1,73,0,0,0,0
0,0,71,0,0,0
42,0,56,0,0,0
14,94,2,0,0,0
0,0,86,0,68,0
0,92,17,0,98,0
0,0,81,0,68,0
61,0,31,0,0,0
7,0,96,0,75,36
0,0,0,0,31,0
0,0,74,0,0,0
79,58,0,0,72,77
51,0,55,0,0,0
56,0,72,0,0,0
78,93,10,0,87,0
70,0,68,0,0,0
0,9,89,0,0,0
55,0,43,0,0,0
14,0,71,0,19,0
0,0,0,97,0,80
50,34,16,0,97,0
33,1,22,0,0,0
0,79,14,0,0,0
97,54,85,0,34,0
85,68,0,0,48,0
38,72,0,0,84,0
0,0,0,94,0,56
0,69,54,0,0,0
90,27,59,0,90,0
15,0,74,0,0,0
74,0,75,0,0,0
6,0,0,0,50,1
0,0,51,0,0,38
64,0,56,0,45,23
77,0,0,0,0,0
48,1,18,64,0,0
0,0,94,0,87,0
0,0,0,0,0,0
96,0,69,0,88,19
0,4,0,0,0,0
0,0,52,0,22,31
60,0,40,0,13,0
0,61,37,0,89,0
0,64,0,32,5,0
46,93,35,0,42,0
0,25,1,0,32,0
0,5,0,93,0,66
0,90,79,0,100,0
52,26,14,77,0,0
0,38,18,0,0,0
84,42,8,0,0,0
83,38,0,68,0,0
77,0,28,91,0,0
84,0,0,15,0,0
0,0,71,0,14,0
98,0,0,5,0,0
0,0,43,0,33,0
78,0,68,0,0,70
0,0,24,0,39,66
11,0,19,0,64,0
46,0,54,0,0,0
14,21,34,26,3,0
0,0,0,0,4,0
0,15,9,0,19,97
12,64,99,0,64,36
0,0,0,0,0,0
89,15,0,0,88,0
0,22,0,71,0,0
72,1,72,0,0,0
99,0,85,0,20,0
0,0,62,0,0,0
0,90,0,0,7,52
89,59,59,0,0,0
0,0,11,0,0,0
0,3,4,0,0,0
86,0,86,0,0,0
96,0,59,0,28,0
87,0,44,0,81,81
0,0,39,0,52,0
0,0,63,0,0,0
10,57,40,0,0,0
72,0,27,0,44,0
42,0,6,0,91,0
0,0,90,0,17,0
61,0,10,0,27,61
0,0,11,0,7,0
16,0,0,0,0,0
0,0,57,0,0,0
28,90,90,0,0,0
3,0,0,0,0,0
50,0,78,88,0,6
69,0,91,0,56,0
47,0,99,0,0,0
0,59,0,0,0,0
28,49,33,0,0,0
49,0,65,68,0,0
0,8,89,0,0,0
0,34,62,0,0,0
0,0,48,0,0,0
6,0,22,0,67,0
23,0,62,0,6,10
37,0,53,14,23,0
0,0,9,0,69,64
21,0,0,0,4,82
49,0,0,0,78,0
10,0,70,0,0,0
10,0,36,45,0,0
0,0,20,0,0,0
0,0,0,0,0,15
65,54,36,0,0,0
0,54,8,0,0,0
91,33,4,0,0,0
52,0,28,0,41,0
82,26,23,0,0,58
0,58,77,0,0,24
67,56,32,0,0,0
0,79,51,0,57,0
1,100,0,0,8,0
0,0,7,0,92,0
19,0,0,0,21,0
0,9,84,0,1,0
0,0,86,0,68,0
52,0,53,0,22,0
0,75,6,0,14,0
36,0,53,0,0,0
0,0,0,41,0,65
99,0,90,0,0,0
0,67,0,0,0,0
0,0,0,0,0,0
77,0,44,0,40,0
0,0,76,0,0,13
93,0,91,0,0,29
71,46,0,0,0,0
0,87,0,0,0,0
0,100,0,0,22,0
0,98,0,0,11,0
99,43,0,0,58,0
67,82,0,0,34,85
0,0,0,0,11,0
0,0,0,0,25,0
49,0,22,33,0,0
0,85,76,0,12,0
25,100,47,0,58,0
72,87,80,0,0,0
26,0,0,0,0,43
80,0,90,0,95,0
29,0,0,0,0,0
100,0,30,0,0,0
90,0,74,0,0,0
90,0,0,0,0,0
1,16,12,0,0,0
0,0,89,0,0,0
0,78,75,0,0,20
2,29,0,0,0,0
66,93,67,99,0,52
0,41,2,0,12,0
16,17,35,0,0,0
32,48,0,0,45,52
0,8,23,52,17,0
73,56,44,0,24,0
63,44,48,0,0,0
0,0,8,0,64,0
22,94,69,0,0,0
0,84,60,0,0,0
49,39,99,0,0,0
0,3,0,0,0,0
3,32,0,0,0,0
56,0,89,0,0,0
0,0,28,0,0,0
85,0,42,0,0,0
0,0,0,0,0,0
88,0,10,0,0,0
63,0,98,0,6,7
52,24,0,0,0,23
0,0,0,0,11,0
0,0,0,0,31,40
33,0,93,0,29,0
0,26,97,0,98,0
70,0,25,0,0,0
56,0,12,0,98,0
99,0,0,0,34,0
0,2,38,14,0,0
0,84,50,0,0,0
85,78,16,0,0,0
56,31,36,0,0,0
44,0,92,0,68,0
47,31,14,0,0,0
0,61,0,0,73,0
0,27,0,0,0,0
0,46,0,0,63,0
59,0,0,0,0,0
45,0,45,0,0,0
22,0,42,0,28,0
68,0,0,0,0,0
6,0,96,93,0,0
23,0,59,0,72,0
0,0,93,0,8,0
0,0,27,0,64,0
0,0,67,0,17,0
13,0,13,83,4,0
26,0,43,0,0,0
14,0,76,0,0,88
0,0,58,0,0,0
70,59,95,0,0,0
92,0,29,0,0,0
6,13,67,0,51,0
0,74,0,0,43,11
50,63,74,0,0,0
84,47,75,0,0,0
30,88,30,0,4,63
0,27,97,0,0,27
64,39,28,0,0,0
0,43,79,0,56,0
79,0,61,0,0,0
73,0,11,0,40,79
94,0,66,0,3,0
0,0,0,0,35,0
42,0,0,0,36,48
24,0,0,0,7,92
73,0,30,0,0,0
93,0,66,0,49,0
34,27,26,0,0,0
